patient,n_sections,lam,alpha,median_r_m1,median_r_m2,median_r_pathway,immune_auc_median
BC23287,3,100.0,0.5,0.058768569093153616,0.07174958168364651,0.6415501606271832,0.78277587890625
BC23450,3,100.0,0.5,0.03877566993499195,0.042482250144721005,0.24556865304995845,0.5725386313465783
BC23567,3,100.0,0.5,0.03342535471323228,0.039105623458779486,0.10416106033257103,0.5199554224420144
BC23810,3,100.0,0.5,0.06227226247165066,0.06775627650867891,0.10097680772580596,0.5771409687470493
BC23901,2,100.0,0.5,0.04165437661397513,0.03848957973134694,0.39996687078387844,0.6766747982735973
BC23903,3,100.0,0.5,0.10630909036141929,0.11693289230869428,0.6138808139625644,0.7426766016509606
BC23944,3,100.0,0.5,0.03902663360627926,0.04386174663635789,0.2522112194957773,0.5902121403066583
BC24044,3,100.0,0.5,0.0852605227322133,0.09820960707079501,0.5709839084383188,0.7930958614771951
BC24105,3,100.0,0.5,0.031190590708244908,0.03769326031783028,0.09291962889280626,0.5765204299569342
BC24220,3,100.0,0.5,0.050716810190650934,0.06102665914639627,0.49698932003816276,0.696349026115818
