patient,section,pathway,r_hgb
BC23287,BC23287_C1,Adipogenesis,0.677221
BC23287,BC23287_C1,Allograft Rejection,0.601928
BC23287,BC23287_C1,Androgen Response,0.745447
BC23287,BC23287_C1,Angiogenesis,0.484705
BC23287,BC23287_C1,Apical Junction,0.657655
BC23287,BC23287_C1,Apical Surface,0.613706
BC23287,BC23287_C1,Apoptosis,0.680191
BC23287,BC23287_C1,Bile Acid Metabolism,0.608667
BC23287,BC23287_C1,Cholesterol Homeostasis,0.608037
BC23287,BC23287_C1,Coagulation,0.595072
BC23287,BC23287_C1,Complement,0.699167
BC23287,BC23287_C1,DNA Repair,0.742590
BC23287,BC23287_C1,E2F Targets,0.785687
BC23287,BC23287_C1,Epithelial Mesenchymal Transition,0.497073
BC23287,BC23287_C1,Estrogen Response Early,0.748028
BC23287,BC23287_C1,Estrogen Response Late,0.750913
BC23287,BC23287_C1,Fatty Acid Metabolism,0.680446
BC23287,BC23287_C1,G2-M Checkpoint,0.768584
BC23287,BC23287_C1,Glycolysis,0.752894
BC23287,BC23287_C1,Hedgehog Signaling,0.342448
BC23287,BC23287_C1,Hypoxia,0.682621
BC23287,BC23287_C1,IL-2/STAT5 Signaling,0.711153
BC23287,BC23287_C1,IL-6/JAK/STAT3 Signaling,0.483234
BC23287,BC23287_C1,Inflammatory Response,0.602621
BC23287,BC23287_C1,Interferon Alpha Response,0.486136
BC23287,BC23287_C1,Interferon Gamma Response,0.537713
BC23287,BC23287_C1,KRAS Signaling Dn,0.576062
BC23287,BC23287_C1,KRAS Signaling Up,0.538414
BC23287,BC23287_C1,Mitotic Spindle,0.801361
BC23287,BC23287_C1,Myc Targets V1,0.778904
BC23287,BC23287_C1,Myc Targets V2,0.614199
BC23287,BC23287_C1,Myogenesis,0.558799
BC23287,BC23287_C1,Notch Signaling,0.557790
BC23287,BC23287_C1,Oxidative Phosphorylation,0.760598
BC23287,BC23287_C1,PI3K/AKT/mTOR  Signaling,0.739090
BC23287,BC23287_C1,Pancreas Beta Cells,0.403999
BC23287,BC23287_C1,Pperoxisome,0.665694
BC23287,BC23287_C1,Protein Secretion,0.787084
BC23287,BC23287_C1,Reactive Oxygen Species Pathway,0.581719
BC23287,BC23287_C1,Spermatogenesis,0.601496
BC23287,BC23287_C1,TGF-beta Signaling,0.602722
BC23287,BC23287_C1,TNF-alpha Signaling via NF-kB,0.646519
BC23287,BC23287_C1,UV Response Dn,0.613801
BC23287,BC23287_C1,UV Response Up,0.725716
BC23287,BC23287_C1,Unfolded Protein Response,0.780824
BC23287,BC23287_C1,Wnt-beta Catenin Signaling,0.612531
BC23287,BC23287_C1,Xenobiotic Metabolism,0.693391
BC23287,BC23287_C1,heme Metabolism,0.755382
BC23287,BC23287_C1,mTORC1 Signaling,0.803701
BC23287,BC23287_C1,p53 Pathway,0.774081
BC23287,BC23287_C2,Adipogenesis,0.730087
BC23287,BC23287_C2,Allograft Rejection,0.610136
BC23287,BC23287_C2,Androgen Response,0.759669
BC23287,BC23287_C2,Angiogenesis,0.447649
BC23287,BC23287_C2,Apical Junction,0.726472
BC23287,BC23287_C2,Apical Surface,0.652928
BC23287,BC23287_C2,Apoptosis,0.732076
BC23287,BC23287_C2,Bile Acid Metabolism,0.634896
BC23287,BC23287_C2,Cholesterol Homeostasis,0.717982
BC23287,BC23287_C2,Coagulation,0.565165
BC23287,BC23287_C2,Complement,0.696712
BC23287,BC23287_C2,DNA Repair,0.802807
BC23287,BC23287_C2,E2F Targets,0.860617
BC23287,BC23287_C2,Epithelial Mesenchymal Transition,0.516245
BC23287,BC23287_C2,Estrogen Response Early,0.822840
BC23287,BC23287_C2,Estrogen Response Late,0.810535
BC23287,BC23287_C2,Fatty Acid Metabolism,0.718316
BC23287,BC23287_C2,G2-M Checkpoint,0.833397
BC23287,BC23287_C2,Glycolysis,0.795539
BC23287,BC23287_C2,Hedgehog Signaling,0.444630
BC23287,BC23287_C2,Hypoxia,0.700497
BC23287,BC23287_C2,IL-2/STAT5 Signaling,0.723445
BC23287,BC23287_C2,IL-6/JAK/STAT3 Signaling,0.520245
BC23287,BC23287_C2,Inflammatory Response,0.664203
BC23287,BC23287_C2,Interferon Alpha Response,0.542159
BC23287,BC23287_C2,Interferon Gamma Response,0.588813
BC23287,BC23287_C2,KRAS Signaling Dn,0.643667
BC23287,BC23287_C2,KRAS Signaling Up,0.571232
BC23287,BC23287_C2,Mitotic Spindle,0.798261
BC23287,BC23287_C2,Myc Targets V1,0.843109
BC23287,BC23287_C2,Myc Targets V2,0.695996
BC23287,BC23287_C2,Myogenesis,0.654301
BC23287,BC23287_C2,Notch Signaling,0.630969
BC23287,BC23287_C2,Oxidative Phosphorylation,0.812708
BC23287,BC23287_C2,PI3K/AKT/mTOR  Signaling,0.775955
BC23287,BC23287_C2,Pancreas Beta Cells,0.426793
BC23287,BC23287_C2,Pperoxisome,0.769277
BC23287,BC23287_C2,Protein Secretion,0.786850
BC23287,BC23287_C2,Reactive Oxygen Species Pathway,0.611877
BC23287,BC23287_C2,Spermatogenesis,0.670814
BC23287,BC23287_C2,TGF-beta Signaling,0.563773
BC23287,BC23287_C2,TNF-alpha Signaling via NF-kB,0.691066
BC23287,BC23287_C2,UV Response Dn,0.681742
BC23287,BC23287_C2,UV Response Up,0.769113
BC23287,BC23287_C2,Unfolded Protein Response,0.833137
BC23287,BC23287_C2,Wnt-beta Catenin Signaling,0.666696
BC23287,BC23287_C2,Xenobiotic Metabolism,0.734113
BC23287,BC23287_C2,heme Metabolism,0.806526
BC23287,BC23287_C2,mTORC1 Signaling,0.825849
BC23287,BC23287_C2,p53 Pathway,0.797799
BC23287,BC23287_D1,Adipogenesis,0.681079
BC23287,BC23287_D1,Allograft Rejection,0.579386
BC23287,BC23287_D1,Androgen Response,0.719965
BC23287,BC23287_D1,Angiogenesis,0.297384
BC23287,BC23287_D1,Apical Junction,0.686260
BC23287,BC23287_D1,Apical Surface,0.598533
BC23287,BC23287_D1,Apoptosis,0.672766
BC23287,BC23287_D1,Bile Acid Metabolism,0.542987
BC23287,BC23287_D1,Cholesterol Homeostasis,0.664174
BC23287,BC23287_D1,Coagulation,0.480650
BC23287,BC23287_D1,Complement,0.645136
BC23287,BC23287_D1,DNA Repair,0.767423
BC23287,BC23287_D1,E2F Targets,0.829527
BC23287,BC23287_D1,Epithelial Mesenchymal Transition,0.483315
BC23287,BC23287_D1,Estrogen Response Early,0.774640
BC23287,BC23287_D1,Estrogen Response Late,0.757474
BC23287,BC23287_D1,Fatty Acid Metabolism,0.671892
BC23287,BC23287_D1,G2-M Checkpoint,0.820637
BC23287,BC23287_D1,Glycolysis,0.729554
BC23287,BC23287_D1,Hedgehog Signaling,0.334548
BC23287,BC23287_D1,Hypoxia,0.584849
BC23287,BC23287_D1,IL-2/STAT5 Signaling,0.655614
BC23287,BC23287_D1,IL-6/JAK/STAT3 Signaling,0.437088
BC23287,BC23287_D1,Inflammatory Response,0.662201
BC23287,BC23287_D1,Interferon Alpha Response,0.589259
BC23287,BC23287_D1,Interferon Gamma Response,0.613333
BC23287,BC23287_D1,KRAS Signaling Dn,0.564062
BC23287,BC23287_D1,KRAS Signaling Up,0.465628
BC23287,BC23287_D1,Mitotic Spindle,0.804440
BC23287,BC23287_D1,Myc Targets V1,0.820793
BC23287,BC23287_D1,Myc Targets V2,0.663716
BC23287,BC23287_D1,Myogenesis,0.619595
BC23287,BC23287_D1,Notch Signaling,0.565164
BC23287,BC23287_D1,Oxidative Phosphorylation,0.784753
BC23287,BC23287_D1,PI3K/AKT/mTOR  Signaling,0.727715
BC23287,BC23287_D1,Pancreas Beta Cells,0.450482
BC23287,BC23287_D1,Pperoxisome,0.706761
BC23287,BC23287_D1,Protein Secretion,0.734206
BC23287,BC23287_D1,Reactive Oxygen Species Pathway,0.547527
BC23287,BC23287_D1,Spermatogenesis,0.666892
BC23287,BC23287_D1,TGF-beta Signaling,0.570108
BC23287,BC23287_D1,TNF-alpha Signaling via NF-kB,0.652220
BC23287,BC23287_D1,UV Response Dn,0.619321
BC23287,BC23287_D1,UV Response Up,0.737168
BC23287,BC23287_D1,Unfolded Protein Response,0.791982
BC23287,BC23287_D1,Wnt-beta Catenin Signaling,0.561688
BC23287,BC23287_D1,Xenobiotic Metabolism,0.745665
BC23287,BC23287_D1,heme Metabolism,0.763876
BC23287,BC23287_D1,mTORC1 Signaling,0.789818
BC23287,BC23287_D1,p53 Pathway,0.749199
BC23450,BC23450_D2,Adipogenesis,0.205032
BC23450,BC23450_D2,Allograft Rejection,0.301562
BC23450,BC23450_D2,Androgen Response,0.243036
BC23450,BC23450_D2,Angiogenesis,-0.052221
BC23450,BC23450_D2,Apical Junction,0.163607
BC23450,BC23450_D2,Apical Surface,0.139186
BC23450,BC23450_D2,Apoptosis,0.188012
BC23450,BC23450_D2,Bile Acid Metabolism,0.173593
BC23450,BC23450_D2,Cholesterol Homeostasis,0.197646
BC23450,BC23450_D2,Coagulation,0.189296
BC23450,BC23450_D2,Complement,0.218092
BC23450,BC23450_D2,DNA Repair,0.416750
BC23450,BC23450_D2,E2F Targets,0.499177
BC23450,BC23450_D2,Epithelial Mesenchymal Transition,0.028863
BC23450,BC23450_D2,Estrogen Response Early,0.302440
BC23450,BC23450_D2,Estrogen Response Late,0.226109
BC23450,BC23450_D2,Fatty Acid Metabolism,0.258085
BC23450,BC23450_D2,G2-M Checkpoint,0.401241
BC23450,BC23450_D2,Glycolysis,0.184423
BC23450,BC23450_D2,Hedgehog Signaling,0.025763
BC23450,BC23450_D2,Hypoxia,0.045551
BC23450,BC23450_D2,IL-2/STAT5 Signaling,0.217484
BC23450,BC23450_D2,IL-6/JAK/STAT3 Signaling,0.181630
BC23450,BC23450_D2,Inflammatory Response,0.034983
BC23450,BC23450_D2,Interferon Alpha Response,0.238840
BC23450,BC23450_D2,Interferon Gamma Response,0.291822
BC23450,BC23450_D2,KRAS Signaling Dn,0.091683
BC23450,BC23450_D2,KRAS Signaling Up,0.027505
BC23450,BC23450_D2,Mitotic Spindle,0.351138
BC23450,BC23450_D2,Myc Targets V1,0.426670
BC23450,BC23450_D2,Myc Targets V2,0.200080
BC23450,BC23450_D2,Myogenesis,0.038471
BC23450,BC23450_D2,Notch Signaling,0.165000
BC23450,BC23450_D2,Oxidative Phosphorylation,0.290443
BC23450,BC23450_D2,PI3K/AKT/mTOR  Signaling,0.271749
BC23450,BC23450_D2,Pancreas Beta Cells,-0.049948
BC23450,BC23450_D2,Pperoxisome,0.221250
BC23450,BC23450_D2,Protein Secretion,0.257915
BC23450,BC23450_D2,Reactive Oxygen Species Pathway,0.188158
BC23450,BC23450_D2,Spermatogenesis,0.233224
BC23450,BC23450_D2,TGF-beta Signaling,0.019353
BC23450,BC23450_D2,TNF-alpha Signaling via NF-kB,0.026537
BC23450,BC23450_D2,UV Response Dn,0.155913
BC23450,BC23450_D2,UV Response Up,0.218051
BC23450,BC23450_D2,Unfolded Protein Response,0.256815
BC23450,BC23450_D2,Wnt-beta Catenin Signaling,0.247143
BC23450,BC23450_D2,Xenobiotic Metabolism,0.271506
BC23450,BC23450_D2,heme Metabolism,0.273583
BC23450,BC23450_D2,mTORC1 Signaling,0.270783
BC23450,BC23450_D2,p53 Pathway,0.211309
BC23450,BC23450_E1,Adipogenesis,0.244974
BC23450,BC23450_E1,Allograft Rejection,0.399181
BC23450,BC23450_E1,Androgen Response,0.226943
BC23450,BC23450_E1,Angiogenesis,-0.008420
BC23450,BC23450_E1,Apical Junction,0.034819
BC23450,BC23450_E1,Apical Surface,0.098700
BC23450,BC23450_E1,Apoptosis,0.200654
BC23450,BC23450_E1,Bile Acid Metabolism,0.343161
BC23450,BC23450_E1,Cholesterol Homeostasis,0.202629
BC23450,BC23450_E1,Coagulation,0.158157
BC23450,BC23450_E1,Complement,0.201124
BC23450,BC23450_E1,DNA Repair,0.434615
BC23450,BC23450_E1,E2F Targets,0.525092
BC23450,BC23450_E1,Epithelial Mesenchymal Transition,0.178567
BC23450,BC23450_E1,Estrogen Response Early,0.444434
BC23450,BC23450_E1,Estrogen Response Late,0.437485
BC23450,BC23450_E1,Fatty Acid Metabolism,0.385878
BC23450,BC23450_E1,G2-M Checkpoint,0.481132
BC23450,BC23450_E1,Glycolysis,0.202511
BC23450,BC23450_E1,Hedgehog Signaling,-0.058602
BC23450,BC23450_E1,Hypoxia,0.132664
BC23450,BC23450_E1,IL-2/STAT5 Signaling,0.266909
BC23450,BC23450_E1,IL-6/JAK/STAT3 Signaling,0.179945
BC23450,BC23450_E1,Inflammatory Response,0.121480
BC23450,BC23450_E1,Interferon Alpha Response,0.225302
BC23450,BC23450_E1,Interferon Gamma Response,0.340723
BC23450,BC23450_E1,KRAS Signaling Dn,0.158064
BC23450,BC23450_E1,KRAS Signaling Up,0.071610
BC23450,BC23450_E1,Mitotic Spindle,0.385875
BC23450,BC23450_E1,Myc Targets V1,0.435792
BC23450,BC23450_E1,Myc Targets V2,0.398476
BC23450,BC23450_E1,Myogenesis,0.079147
BC23450,BC23450_E1,Notch Signaling,0.195313
BC23450,BC23450_E1,Oxidative Phosphorylation,0.400896
BC23450,BC23450_E1,PI3K/AKT/mTOR  Signaling,0.266244
BC23450,BC23450_E1,Pancreas Beta Cells,0.073336
BC23450,BC23450_E1,Pperoxisome,0.437155
BC23450,BC23450_E1,Protein Secretion,0.293366
BC23450,BC23450_E1,Reactive Oxygen Species Pathway,0.211236
BC23450,BC23450_E1,Spermatogenesis,0.247507
BC23450,BC23450_E1,TGF-beta Signaling,0.013212
BC23450,BC23450_E1,TNF-alpha Signaling via NF-kB,-0.040948
BC23450,BC23450_E1,UV Response Dn,0.123260
BC23450,BC23450_E1,UV Response Up,0.185383
BC23450,BC23450_E1,Unfolded Protein Response,0.313975
BC23450,BC23450_E1,Wnt-beta Catenin Signaling,0.212013
BC23450,BC23450_E1,Xenobiotic Metabolism,0.270283
BC23450,BC23450_E1,heme Metabolism,0.294229
BC23450,BC23450_E1,mTORC1 Signaling,0.384049
BC23450,BC23450_E1,p53 Pathway,0.310563
BC23450,BC23450_E2,Adipogenesis,0.101597
BC23450,BC23450_E2,Allograft Rejection,0.120548
BC23450,BC23450_E2,Androgen Response,0.274976
BC23450,BC23450_E2,Angiogenesis,0.032529
BC23450,BC23450_E2,Apical Junction,0.155753
BC23450,BC23450_E2,Apical Surface,0.055237
BC23450,BC23450_E2,Apoptosis,0.081359
BC23450,BC23450_E2,Bile Acid Metabolism,0.116596
BC23450,BC23450_E2,Cholesterol Homeostasis,0.153433
BC23450,BC23450_E2,Coagulation,-0.009053
BC23450,BC23450_E2,Complement,-0.002760
BC23450,BC23450_E2,DNA Repair,0.263440
BC23450,BC23450_E2,E2F Targets,0.313246
BC23450,BC23450_E2,Epithelial Mesenchymal Transition,-0.081208
BC23450,BC23450_E2,Estrogen Response Early,0.253876
BC23450,BC23450_E2,Estrogen Response Late,0.238178
BC23450,BC23450_E2,Fatty Acid Metabolism,0.202648
BC23450,BC23450_E2,G2-M Checkpoint,0.272601
BC23450,BC23450_E2,Glycolysis,0.205100
BC23450,BC23450_E2,Hedgehog Signaling,0.019112
BC23450,BC23450_E2,Hypoxia,0.004841
BC23450,BC23450_E2,IL-2/STAT5 Signaling,0.069016
BC23450,BC23450_E2,IL-6/JAK/STAT3 Signaling,-0.050585
BC23450,BC23450_E2,Inflammatory Response,-0.036328
BC23450,BC23450_E2,Interferon Alpha Response,0.090833
BC23450,BC23450_E2,Interferon Gamma Response,0.065933
BC23450,BC23450_E2,KRAS Signaling Dn,0.011794
BC23450,BC23450_E2,KRAS Signaling Up,0.051104
BC23450,BC23450_E2,Mitotic Spindle,0.206851
BC23450,BC23450_E2,Myc Targets V1,0.308634
BC23450,BC23450_E2,Myc Targets V2,0.148543
BC23450,BC23450_E2,Myogenesis,-0.054602
BC23450,BC23450_E2,Notch Signaling,0.212304
BC23450,BC23450_E2,Oxidative Phosphorylation,0.255944
BC23450,BC23450_E2,PI3K/AKT/mTOR  Signaling,0.262644
BC23450,BC23450_E2,Pancreas Beta Cells,0.075124
BC23450,BC23450_E2,Pperoxisome,0.221156
BC23450,BC23450_E2,Protein Secretion,0.229367
BC23450,BC23450_E2,Reactive Oxygen Species Pathway,0.198238
BC23450,BC23450_E2,Spermatogenesis,0.079188
BC23450,BC23450_E2,TGF-beta Signaling,-0.001709
BC23450,BC23450_E2,TNF-alpha Signaling via NF-kB,0.107082
BC23450,BC23450_E2,UV Response Dn,0.096328
BC23450,BC23450_E2,UV Response Up,0.176791
BC23450,BC23450_E2,Unfolded Protein Response,0.233184
BC23450,BC23450_E2,Wnt-beta Catenin Signaling,0.087092
BC23450,BC23450_E2,Xenobiotic Metabolism,0.219335
BC23450,BC23450_E2,heme Metabolism,0.228077
BC23450,BC23450_E2,mTORC1 Signaling,0.234592
BC23450,BC23450_E2,p53 Pathway,0.208869
BC23567,BC23567_D2,Adipogenesis,0.138979
BC23567,BC23567_D2,Allograft Rejection,0.064343
BC23567,BC23567_D2,Androgen Response,0.170823
BC23567,BC23567_D2,Angiogenesis,0.017530
BC23567,BC23567_D2,Apical Junction,-0.000324
BC23567,BC23567_D2,Apical Surface,0.110497
BC23567,BC23567_D2,Apoptosis,0.012515
BC23567,BC23567_D2,Bile Acid Metabolism,0.076201
BC23567,BC23567_D2,Cholesterol Homeostasis,0.182325
BC23567,BC23567_D2,Coagulation,0.049987
BC23567,BC23567_D2,Complement,-0.082574
BC23567,BC23567_D2,DNA Repair,0.090134
BC23567,BC23567_D2,E2F Targets,0.317071
BC23567,BC23567_D2,Epithelial Mesenchymal Transition,0.177010
BC23567,BC23567_D2,Estrogen Response Early,0.180449
BC23567,BC23567_D2,Estrogen Response Late,0.198266
BC23567,BC23567_D2,Fatty Acid Metabolism,0.237014
BC23567,BC23567_D2,G2-M Checkpoint,0.321720
BC23567,BC23567_D2,Glycolysis,0.238084
BC23567,BC23567_D2,Hedgehog Signaling,0.005925
BC23567,BC23567_D2,Hypoxia,0.071216
BC23567,BC23567_D2,IL-2/STAT5 Signaling,-0.011806
BC23567,BC23567_D2,IL-6/JAK/STAT3 Signaling,0.091015
BC23567,BC23567_D2,Inflammatory Response,-0.043175
BC23567,BC23567_D2,Interferon Alpha Response,0.143378
BC23567,BC23567_D2,Interferon Gamma Response,0.077256
BC23567,BC23567_D2,KRAS Signaling Dn,0.116476
BC23567,BC23567_D2,KRAS Signaling Up,-0.035248
BC23567,BC23567_D2,Mitotic Spindle,0.243257
BC23567,BC23567_D2,Myc Targets V1,0.186942
BC23567,BC23567_D2,Myc Targets V2,0.069833
BC23567,BC23567_D2,Myogenesis,0.057064
BC23567,BC23567_D2,Notch Signaling,0.048795
BC23567,BC23567_D2,Oxidative Phosphorylation,0.124017
BC23567,BC23567_D2,PI3K/AKT/mTOR  Signaling,0.122114
BC23567,BC23567_D2,Pancreas Beta Cells,0.036320
BC23567,BC23567_D2,Pperoxisome,0.159889
BC23567,BC23567_D2,Protein Secretion,0.152466
BC23567,BC23567_D2,Reactive Oxygen Species Pathway,0.002896
BC23567,BC23567_D2,Spermatogenesis,0.133661
BC23567,BC23567_D2,TGF-beta Signaling,0.027220
BC23567,BC23567_D2,TNF-alpha Signaling via NF-kB,0.067490
BC23567,BC23567_D2,UV Response Dn,0.144299
BC23567,BC23567_D2,UV Response Up,0.075607
BC23567,BC23567_D2,Unfolded Protein Response,0.171957
BC23567,BC23567_D2,Wnt-beta Catenin Signaling,-0.012968
BC23567,BC23567_D2,Xenobiotic Metabolism,0.192441
BC23567,BC23567_D2,heme Metabolism,0.103332
BC23567,BC23567_D2,mTORC1 Signaling,0.172412
BC23567,BC23567_D2,p53 Pathway,-0.026514
BC23567,BC23567_E1,Adipogenesis,0.193692
BC23567,BC23567_E1,Allograft Rejection,0.199725
BC23567,BC23567_E1,Androgen Response,0.229274
BC23567,BC23567_E1,Angiogenesis,0.092533
BC23567,BC23567_E1,Apical Junction,-0.020400
BC23567,BC23567_E1,Apical Surface,0.077639
BC23567,BC23567_E1,Apoptosis,-0.011868
BC23567,BC23567_E1,Bile Acid Metabolism,0.154308
BC23567,BC23567_E1,Cholesterol Homeostasis,0.381394
BC23567,BC23567_E1,Coagulation,0.150246
BC23567,BC23567_E1,Complement,-0.017890
BC23567,BC23567_E1,DNA Repair,0.173535
BC23567,BC23567_E1,E2F Targets,0.334312
BC23567,BC23567_E1,Epithelial Mesenchymal Transition,0.302363
BC23567,BC23567_E1,Estrogen Response Early,0.094391
BC23567,BC23567_E1,Estrogen Response Late,0.183999
BC23567,BC23567_E1,Fatty Acid Metabolism,0.262191
BC23567,BC23567_E1,G2-M Checkpoint,0.303509
BC23567,BC23567_E1,Glycolysis,0.133153
BC23567,BC23567_E1,Hedgehog Signaling,-0.016201
BC23567,BC23567_E1,Hypoxia,0.043595
BC23567,BC23567_E1,IL-2/STAT5 Signaling,0.015548
BC23567,BC23567_E1,IL-6/JAK/STAT3 Signaling,0.097041
BC23567,BC23567_E1,Inflammatory Response,0.036053
BC23567,BC23567_E1,Interferon Alpha Response,0.039431
BC23567,BC23567_E1,Interferon Gamma Response,0.045618
BC23567,BC23567_E1,KRAS Signaling Dn,0.026631
BC23567,BC23567_E1,KRAS Signaling Up,0.007962
BC23567,BC23567_E1,Mitotic Spindle,0.140119
BC23567,BC23567_E1,Myc Targets V1,0.272978
BC23567,BC23567_E1,Myc Targets V2,0.083877
BC23567,BC23567_E1,Myogenesis,-0.023371
BC23567,BC23567_E1,Notch Signaling,0.102973
BC23567,BC23567_E1,Oxidative Phosphorylation,0.221760
BC23567,BC23567_E1,PI3K/AKT/mTOR  Signaling,0.165355
BC23567,BC23567_E1,Pancreas Beta Cells,0.035829
BC23567,BC23567_E1,Pperoxisome,0.199263
BC23567,BC23567_E1,Protein Secretion,0.243654
BC23567,BC23567_E1,Reactive Oxygen Species Pathway,0.017261
BC23567,BC23567_E1,Spermatogenesis,0.169888
BC23567,BC23567_E1,TGF-beta Signaling,0.013643
BC23567,BC23567_E1,TNF-alpha Signaling via NF-kB,-0.034603
BC23567,BC23567_E1,UV Response Dn,0.110350
BC23567,BC23567_E1,UV Response Up,0.047200
BC23567,BC23567_E1,Unfolded Protein Response,0.173683
BC23567,BC23567_E1,Wnt-beta Catenin Signaling,0.100361
BC23567,BC23567_E1,Xenobiotic Metabolism,0.198826
BC23567,BC23567_E1,heme Metabolism,0.091111
BC23567,BC23567_E1,mTORC1 Signaling,0.261907
BC23567,BC23567_E1,p53 Pathway,0.003955
BC23567,BC23567_E2,Adipogenesis,0.116270
BC23567,BC23567_E2,Allograft Rejection,0.252146
BC23567,BC23567_E2,Androgen Response,0.274648
BC23567,BC23567_E2,Angiogenesis,0.130793
BC23567,BC23567_E2,Apical Junction,0.055235
BC23567,BC23567_E2,Apical Surface,0.073990
BC23567,BC23567_E2,Apoptosis,0.052172
BC23567,BC23567_E2,Bile Acid Metabolism,0.126854
BC23567,BC23567_E2,Cholesterol Homeostasis,0.178620
BC23567,BC23567_E2,Coagulation,0.235466
BC23567,BC23567_E2,Complement,0.064639
BC23567,BC23567_E2,DNA Repair,0.035655
BC23567,BC23567_E2,E2F Targets,0.317581
BC23567,BC23567_E2,Epithelial Mesenchymal Transition,0.358441
BC23567,BC23567_E2,Estrogen Response Early,0.142906
BC23567,BC23567_E2,Estrogen Response Late,0.171541
BC23567,BC23567_E2,Fatty Acid Metabolism,0.210326
BC23567,BC23567_E2,G2-M Checkpoint,0.328999
BC23567,BC23567_E2,Glycolysis,0.127599
BC23567,BC23567_E2,Hedgehog Signaling,0.000436
BC23567,BC23567_E2,Hypoxia,0.108320
BC23567,BC23567_E2,IL-2/STAT5 Signaling,0.028260
BC23567,BC23567_E2,IL-6/JAK/STAT3 Signaling,0.086453
BC23567,BC23567_E2,Inflammatory Response,0.150772
BC23567,BC23567_E2,Interferon Alpha Response,0.110747
BC23567,BC23567_E2,Interferon Gamma Response,0.106716
BC23567,BC23567_E2,KRAS Signaling Dn,0.108693
BC23567,BC23567_E2,KRAS Signaling Up,0.197944
BC23567,BC23567_E2,Mitotic Spindle,0.260685
BC23567,BC23567_E2,Myc Targets V1,0.188131
BC23567,BC23567_E2,Myc Targets V2,0.072723
BC23567,BC23567_E2,Myogenesis,0.092443
BC23567,BC23567_E2,Notch Signaling,0.039450
BC23567,BC23567_E2,Oxidative Phosphorylation,0.105676
BC23567,BC23567_E2,PI3K/AKT/mTOR  Signaling,0.154526
BC23567,BC23567_E2,Pancreas Beta Cells,0.013239
BC23567,BC23567_E2,Pperoxisome,0.151681
BC23567,BC23567_E2,Protein Secretion,0.224301
BC23567,BC23567_E2,Reactive Oxygen Species Pathway,0.005589
BC23567,BC23567_E2,Spermatogenesis,0.090859
BC23567,BC23567_E2,TGF-beta Signaling,0.067299
BC23567,BC23567_E2,TNF-alpha Signaling via NF-kB,0.129029
BC23567,BC23567_E2,UV Response Dn,0.246188
BC23567,BC23567_E2,UV Response Up,0.069025
BC23567,BC23567_E2,Unfolded Protein Response,0.160700
BC23567,BC23567_E2,Wnt-beta Catenin Signaling,0.016101
BC23567,BC23567_E2,Xenobiotic Metabolism,0.156388
BC23567,BC23567_E2,heme Metabolism,0.167551
BC23567,BC23567_E2,mTORC1 Signaling,0.169542
BC23567,BC23567_E2,p53 Pathway,0.002297
BC23810,BC23810_D2,Adipogenesis,0.082524
BC23810,BC23810_D2,Allograft Rejection,0.430156
BC23810,BC23810_D2,Androgen Response,0.236935
BC23810,BC23810_D2,Angiogenesis,-0.019594
BC23810,BC23810_D2,Apical Junction,0.046487
BC23810,BC23810_D2,Apical Surface,0.048239
BC23810,BC23810_D2,Apoptosis,-0.038898
BC23810,BC23810_D2,Bile Acid Metabolism,0.129037
BC23810,BC23810_D2,Cholesterol Homeostasis,0.227028
BC23810,BC23810_D2,Coagulation,0.142568
BC23810,BC23810_D2,Complement,0.089695
BC23810,BC23810_D2,DNA Repair,0.085222
BC23810,BC23810_D2,E2F Targets,0.177259
BC23810,BC23810_D2,Epithelial Mesenchymal Transition,0.117447
BC23810,BC23810_D2,Estrogen Response Early,0.096920
BC23810,BC23810_D2,Estrogen Response Late,0.110625
BC23810,BC23810_D2,Fatty Acid Metabolism,0.146298
BC23810,BC23810_D2,G2-M Checkpoint,0.256105
BC23810,BC23810_D2,Glycolysis,0.155907
BC23810,BC23810_D2,Hedgehog Signaling,0.054301
BC23810,BC23810_D2,Hypoxia,0.054158
BC23810,BC23810_D2,IL-2/STAT5 Signaling,0.042805
BC23810,BC23810_D2,IL-6/JAK/STAT3 Signaling,0.103095
BC23810,BC23810_D2,Inflammatory Response,0.179732
BC23810,BC23810_D2,Interferon Alpha Response,0.175171
BC23810,BC23810_D2,Interferon Gamma Response,0.304520
BC23810,BC23810_D2,KRAS Signaling Dn,0.013751
BC23810,BC23810_D2,KRAS Signaling Up,0.047065
BC23810,BC23810_D2,Mitotic Spindle,0.174008
BC23810,BC23810_D2,Myc Targets V1,0.160720
BC23810,BC23810_D2,Myc Targets V2,0.078931
BC23810,BC23810_D2,Myogenesis,0.035783
BC23810,BC23810_D2,Notch Signaling,0.024509
BC23810,BC23810_D2,Oxidative Phosphorylation,0.087541
BC23810,BC23810_D2,PI3K/AKT/mTOR  Signaling,0.107687
BC23810,BC23810_D2,Pancreas Beta Cells,0.018716
BC23810,BC23810_D2,Pperoxisome,0.216249
BC23810,BC23810_D2,Protein Secretion,0.174653
BC23810,BC23810_D2,Reactive Oxygen Species Pathway,0.048074
BC23810,BC23810_D2,Spermatogenesis,0.128153
BC23810,BC23810_D2,TGF-beta Signaling,0.086361
BC23810,BC23810_D2,TNF-alpha Signaling via NF-kB,0.091124
BC23810,BC23810_D2,UV Response Dn,0.103682
BC23810,BC23810_D2,UV Response Up,-0.004732
BC23810,BC23810_D2,Unfolded Protein Response,0.086768
BC23810,BC23810_D2,Wnt-beta Catenin Signaling,0.005810
BC23810,BC23810_D2,Xenobiotic Metabolism,0.112604
BC23810,BC23810_D2,heme Metabolism,0.078612
BC23810,BC23810_D2,mTORC1 Signaling,0.216467
BC23810,BC23810_D2,p53 Pathway,-0.001284
BC23810,BC23810_E1,Adipogenesis,0.117805
BC23810,BC23810_E1,Allograft Rejection,0.370169
BC23810,BC23810_E1,Androgen Response,0.117531
BC23810,BC23810_E1,Angiogenesis,0.034744
BC23810,BC23810_E1,Apical Junction,0.088410
BC23810,BC23810_E1,Apical Surface,0.052712
BC23810,BC23810_E1,Apoptosis,-0.001551
BC23810,BC23810_E1,Bile Acid Metabolism,0.056313
BC23810,BC23810_E1,Cholesterol Homeostasis,0.199909
BC23810,BC23810_E1,Coagulation,0.129363
BC23810,BC23810_E1,Complement,0.068682
BC23810,BC23810_E1,DNA Repair,0.099214
BC23810,BC23810_E1,E2F Targets,0.260446
BC23810,BC23810_E1,Epithelial Mesenchymal Transition,0.161050
BC23810,BC23810_E1,Estrogen Response Early,0.111272
BC23810,BC23810_E1,Estrogen Response Late,0.105601
BC23810,BC23810_E1,Fatty Acid Metabolism,0.127315
BC23810,BC23810_E1,G2-M Checkpoint,0.243425
BC23810,BC23810_E1,Glycolysis,0.133636
BC23810,BC23810_E1,Hedgehog Signaling,0.043165
BC23810,BC23810_E1,Hypoxia,0.036657
BC23810,BC23810_E1,IL-2/STAT5 Signaling,0.056278
BC23810,BC23810_E1,IL-6/JAK/STAT3 Signaling,0.122698
BC23810,BC23810_E1,Inflammatory Response,0.097883
BC23810,BC23810_E1,Interferon Alpha Response,0.174527
BC23810,BC23810_E1,Interferon Gamma Response,0.239269
BC23810,BC23810_E1,KRAS Signaling Dn,-0.048695
BC23810,BC23810_E1,KRAS Signaling Up,0.072273
BC23810,BC23810_E1,Mitotic Spindle,0.214068
BC23810,BC23810_E1,Myc Targets V1,0.153125
BC23810,BC23810_E1,Myc Targets V2,0.108435
BC23810,BC23810_E1,Myogenesis,0.041987
BC23810,BC23810_E1,Notch Signaling,0.044656
BC23810,BC23810_E1,Oxidative Phosphorylation,0.075562
BC23810,BC23810_E1,PI3K/AKT/mTOR  Signaling,0.045600
BC23810,BC23810_E1,Pancreas Beta Cells,0.036098
BC23810,BC23810_E1,Pperoxisome,0.087517
BC23810,BC23810_E1,Protein Secretion,0.126092
BC23810,BC23810_E1,Reactive Oxygen Species Pathway,0.093445
BC23810,BC23810_E1,Spermatogenesis,0.093391
BC23810,BC23810_E1,TGF-beta Signaling,0.076868
BC23810,BC23810_E1,TNF-alpha Signaling via NF-kB,0.036761
BC23810,BC23810_E1,UV Response Dn,0.146401
BC23810,BC23810_E1,UV Response Up,-0.001017
BC23810,BC23810_E1,Unfolded Protein Response,0.125866
BC23810,BC23810_E1,Wnt-beta Catenin Signaling,0.071101
BC23810,BC23810_E1,Xenobiotic Metabolism,0.048451
BC23810,BC23810_E1,heme Metabolism,0.059929
BC23810,BC23810_E1,mTORC1 Signaling,0.153075
BC23810,BC23810_E1,p53 Pathway,0.037403
BC23810,BC23810_E2,Adipogenesis,0.062448
BC23810,BC23810_E2,Allograft Rejection,0.451475
BC23810,BC23810_E2,Androgen Response,0.136303
BC23810,BC23810_E2,Angiogenesis,-0.035203
BC23810,BC23810_E2,Apical Junction,0.050454
BC23810,BC23810_E2,Apical Surface,0.041972
BC23810,BC23810_E2,Apoptosis,0.016510
BC23810,BC23810_E2,Bile Acid Metabolism,0.091523
BC23810,BC23810_E2,Cholesterol Homeostasis,0.137858
BC23810,BC23810_E2,Coagulation,0.195632
BC23810,BC23810_E2,Complement,0.127457
BC23810,BC23810_E2,DNA Repair,0.006931
BC23810,BC23810_E2,E2F Targets,0.161370
BC23810,BC23810_E2,Epithelial Mesenchymal Transition,0.152923
BC23810,BC23810_E2,Estrogen Response Early,0.110429
BC23810,BC23810_E2,Estrogen Response Late,0.055037
BC23810,BC23810_E2,Fatty Acid Metabolism,0.099864
BC23810,BC23810_E2,G2-M Checkpoint,0.242717
BC23810,BC23810_E2,Glycolysis,0.087146
BC23810,BC23810_E2,Hedgehog Signaling,0.033969
BC23810,BC23810_E2,Hypoxia,0.024243
BC23810,BC23810_E2,IL-2/STAT5 Signaling,0.094219
BC23810,BC23810_E2,IL-6/JAK/STAT3 Signaling,0.101933
BC23810,BC23810_E2,Inflammatory Response,0.207297
BC23810,BC23810_E2,Interferon Alpha Response,0.201273
BC23810,BC23810_E2,Interferon Gamma Response,0.252770
BC23810,BC23810_E2,KRAS Signaling Dn,0.020685
BC23810,BC23810_E2,KRAS Signaling Up,0.110611
BC23810,BC23810_E2,Mitotic Spindle,0.123126
BC23810,BC23810_E2,Myc Targets V1,0.125560
BC23810,BC23810_E2,Myc Targets V2,0.061990
BC23810,BC23810_E2,Myogenesis,0.010263
BC23810,BC23810_E2,Notch Signaling,0.062722
BC23810,BC23810_E2,Oxidative Phosphorylation,0.013045
BC23810,BC23810_E2,PI3K/AKT/mTOR  Signaling,0.038570
BC23810,BC23810_E2,Pancreas Beta Cells,-0.084051
BC23810,BC23810_E2,Pperoxisome,0.140643
BC23810,BC23810_E2,Protein Secretion,0.205326
BC23810,BC23810_E2,Reactive Oxygen Species Pathway,0.034151
BC23810,BC23810_E2,Spermatogenesis,0.078747
BC23810,BC23810_E2,TGF-beta Signaling,0.089512
BC23810,BC23810_E2,TNF-alpha Signaling via NF-kB,0.061206
BC23810,BC23810_E2,UV Response Dn,0.119960
BC23810,BC23810_E2,UV Response Up,0.027424
BC23810,BC23810_E2,Unfolded Protein Response,0.091030
BC23810,BC23810_E2,Wnt-beta Catenin Signaling,0.024000
BC23810,BC23810_E2,Xenobiotic Metabolism,0.005265
BC23810,BC23810_E2,heme Metabolism,0.098845
BC23810,BC23810_E2,mTORC1 Signaling,0.108140
BC23810,BC23810_E2,p53 Pathway,-0.008565
BC23901,BC23901_C2,Adipogenesis,0.395446
BC23901,BC23901_C2,Allograft Rejection,0.376936
BC23901,BC23901_C2,Androgen Response,0.399501
BC23901,BC23901_C2,Angiogenesis,0.183360
BC23901,BC23901_C2,Apical Junction,0.403380
BC23901,BC23901_C2,Apical Surface,0.254500
BC23901,BC23901_C2,Apoptosis,0.442197
BC23901,BC23901_C2,Bile Acid Metabolism,0.414390
BC23901,BC23901_C2,Cholesterol Homeostasis,0.366158
BC23901,BC23901_C2,Coagulation,0.184259
BC23901,BC23901_C2,Complement,0.420471
BC23901,BC23901_C2,DNA Repair,0.532298
BC23901,BC23901_C2,E2F Targets,0.595092
BC23901,BC23901_C2,Epithelial Mesenchymal Transition,0.235570
BC23901,BC23901_C2,Estrogen Response Early,0.441031
BC23901,BC23901_C2,Estrogen Response Late,0.466751
BC23901,BC23901_C2,Fatty Acid Metabolism,0.467285
BC23901,BC23901_C2,G2-M Checkpoint,0.599145
BC23901,BC23901_C2,Glycolysis,0.216107
BC23901,BC23901_C2,Hedgehog Signaling,0.117537
BC23901,BC23901_C2,Hypoxia,0.031276
BC23901,BC23901_C2,IL-2/STAT5 Signaling,0.423024
BC23901,BC23901_C2,IL-6/JAK/STAT3 Signaling,0.314926
BC23901,BC23901_C2,Inflammatory Response,0.272893
BC23901,BC23901_C2,Interferon Alpha Response,0.311914
BC23901,BC23901_C2,Interferon Gamma Response,0.428901
BC23901,BC23901_C2,KRAS Signaling Dn,0.368425
BC23901,BC23901_C2,KRAS Signaling Up,0.385737
BC23901,BC23901_C2,Mitotic Spindle,0.600404
BC23901,BC23901_C2,Myc Targets V1,0.577583
BC23901,BC23901_C2,Myc Targets V2,0.345209
BC23901,BC23901_C2,Myogenesis,0.284951
BC23901,BC23901_C2,Notch Signaling,0.414245
BC23901,BC23901_C2,Oxidative Phosphorylation,0.449303
BC23901,BC23901_C2,PI3K/AKT/mTOR  Signaling,0.406990
BC23901,BC23901_C2,Pancreas Beta Cells,0.146638
BC23901,BC23901_C2,Pperoxisome,0.438629
BC23901,BC23901_C2,Protein Secretion,0.537156
BC23901,BC23901_C2,Reactive Oxygen Species Pathway,0.390090
BC23901,BC23901_C2,Spermatogenesis,0.471640
BC23901,BC23901_C2,TGF-beta Signaling,0.301441
BC23901,BC23901_C2,TNF-alpha Signaling via NF-kB,0.378937
BC23901,BC23901_C2,UV Response Dn,0.367242
BC23901,BC23901_C2,UV Response Up,0.406963
BC23901,BC23901_C2,Unfolded Protein Response,0.529830
BC23901,BC23901_C2,Wnt-beta Catenin Signaling,0.473157
BC23901,BC23901_C2,Xenobiotic Metabolism,0.498696
BC23901,BC23901_C2,heme Metabolism,0.546022
BC23901,BC23901_C2,mTORC1 Signaling,0.441375
BC23901,BC23901_C2,p53 Pathway,0.492136
BC23901,BC23901_D1,Adipogenesis,0.426501
BC23901,BC23901_D1,Allograft Rejection,0.476104
BC23901,BC23901_D1,Androgen Response,0.368459
BC23901,BC23901_D1,Angiogenesis,0.083319
BC23901,BC23901_D1,Apical Junction,0.362048
BC23901,BC23901_D1,Apical Surface,0.196562
BC23901,BC23901_D1,Apoptosis,0.501414
BC23901,BC23901_D1,Bile Acid Metabolism,0.381261
BC23901,BC23901_D1,Cholesterol Homeostasis,0.373906
BC23901,BC23901_D1,Coagulation,0.302055
BC23901,BC23901_D1,Complement,0.462630
BC23901,BC23901_D1,DNA Repair,0.541220
BC23901,BC23901_D1,E2F Targets,0.614423
BC23901,BC23901_D1,Epithelial Mesenchymal Transition,0.143968
BC23901,BC23901_D1,Estrogen Response Early,0.416013
BC23901,BC23901_D1,Estrogen Response Late,0.470067
BC23901,BC23901_D1,Fatty Acid Metabolism,0.499252
BC23901,BC23901_D1,G2-M Checkpoint,0.649684
BC23901,BC23901_D1,Glycolysis,0.244911
BC23901,BC23901_D1,Hedgehog Signaling,0.153888
BC23901,BC23901_D1,Hypoxia,0.051258
BC23901,BC23901_D1,IL-2/STAT5 Signaling,0.451896
BC23901,BC23901_D1,IL-6/JAK/STAT3 Signaling,0.383921
BC23901,BC23901_D1,Inflammatory Response,0.268418
BC23901,BC23901_D1,Interferon Alpha Response,0.371146
BC23901,BC23901_D1,Interferon Gamma Response,0.426667
BC23901,BC23901_D1,KRAS Signaling Dn,0.430224
BC23901,BC23901_D1,KRAS Signaling Up,0.349144
BC23901,BC23901_D1,Mitotic Spindle,0.596528
BC23901,BC23901_D1,Myc Targets V1,0.550459
BC23901,BC23901_D1,Myc Targets V2,0.409131
BC23901,BC23901_D1,Myogenesis,0.354779
BC23901,BC23901_D1,Notch Signaling,0.355023
BC23901,BC23901_D1,Oxidative Phosphorylation,0.482124
BC23901,BC23901_D1,PI3K/AKT/mTOR  Signaling,0.519836
BC23901,BC23901_D1,Pancreas Beta Cells,0.238869
BC23901,BC23901_D1,Pperoxisome,0.479384
BC23901,BC23901_D1,Protein Secretion,0.508471
BC23901,BC23901_D1,Reactive Oxygen Species Pathway,0.406772
BC23901,BC23901_D1,Spermatogenesis,0.365928
BC23901,BC23901_D1,TGF-beta Signaling,0.302689
BC23901,BC23901_D1,TNF-alpha Signaling via NF-kB,0.438172
BC23901,BC23901_D1,UV Response Dn,0.317195
BC23901,BC23901_D1,UV Response Up,0.514883
BC23901,BC23901_D1,Unfolded Protein Response,0.574599
BC23901,BC23901_D1,Wnt-beta Catenin Signaling,0.433280
BC23901,BC23901_D1,Xenobiotic Metabolism,0.520504
BC23901,BC23901_D1,heme Metabolism,0.493355
BC23901,BC23901_D1,mTORC1 Signaling,0.446374
BC23901,BC23901_D1,p53 Pathway,0.430713
BC23903,BC23903_C1,Adipogenesis,0.632676
BC23903,BC23903_C1,Allograft Rejection,0.568788
BC23903,BC23903_C1,Androgen Response,0.649866
BC23903,BC23903_C1,Angiogenesis,0.491592
BC23903,BC23903_C1,Apical Junction,0.646340
BC23903,BC23903_C1,Apical Surface,0.465509
BC23903,BC23903_C1,Apoptosis,0.634062
BC23903,BC23903_C1,Bile Acid Metabolism,0.534842
BC23903,BC23903_C1,Cholesterol Homeostasis,0.697903
BC23903,BC23903_C1,Coagulation,0.549682
BC23903,BC23903_C1,Complement,0.635036
BC23903,BC23903_C1,DNA Repair,0.617670
BC23903,BC23903_C1,E2F Targets,0.739720
BC23903,BC23903_C1,Epithelial Mesenchymal Transition,0.641750
BC23903,BC23903_C1,Estrogen Response Early,0.523320
BC23903,BC23903_C1,Estrogen Response Late,0.597955
BC23903,BC23903_C1,Fatty Acid Metabolism,0.659864
BC23903,BC23903_C1,G2-M Checkpoint,0.765115
BC23903,BC23903_C1,Glycolysis,0.757047
BC23903,BC23903_C1,Hedgehog Signaling,0.400129
BC23903,BC23903_C1,Hypoxia,0.660419
BC23903,BC23903_C1,IL-2/STAT5 Signaling,0.630410
BC23903,BC23903_C1,IL-6/JAK/STAT3 Signaling,0.547779
BC23903,BC23903_C1,Inflammatory Response,0.600799
BC23903,BC23903_C1,Interferon Alpha Response,0.315299
BC23903,BC23903_C1,Interferon Gamma Response,0.516588
BC23903,BC23903_C1,KRAS Signaling Dn,0.435996
BC23903,BC23903_C1,KRAS Signaling Up,0.565835
BC23903,BC23903_C1,Mitotic Spindle,0.720060
BC23903,BC23903_C1,Myc Targets V1,0.773147
BC23903,BC23903_C1,Myc Targets V2,0.514974
BC23903,BC23903_C1,Myogenesis,0.604300
BC23903,BC23903_C1,Notch Signaling,0.340784
BC23903,BC23903_C1,Oxidative Phosphorylation,0.695925
BC23903,BC23903_C1,PI3K/AKT/mTOR  Signaling,0.595312
BC23903,BC23903_C1,Pancreas Beta Cells,0.364891
BC23903,BC23903_C1,Pperoxisome,0.656212
BC23903,BC23903_C1,Protein Secretion,0.713361
BC23903,BC23903_C1,Reactive Oxygen Species Pathway,0.589212
BC23903,BC23903_C1,Spermatogenesis,0.526898
BC23903,BC23903_C1,TGF-beta Signaling,0.531465
BC23903,BC23903_C1,TNF-alpha Signaling via NF-kB,0.652103
BC23903,BC23903_C1,UV Response Dn,0.635578
BC23903,BC23903_C1,UV Response Up,0.671902
BC23903,BC23903_C1,Unfolded Protein Response,0.737982
BC23903,BC23903_C1,Wnt-beta Catenin Signaling,0.415374
BC23903,BC23903_C1,Xenobiotic Metabolism,0.663372
BC23903,BC23903_C1,heme Metabolism,0.656373
BC23903,BC23903_C1,mTORC1 Signaling,0.768525
BC23903,BC23903_C1,p53 Pathway,0.654714
BC23903,BC23903_C2,Adipogenesis,0.617521
BC23903,BC23903_C2,Allograft Rejection,0.521726
BC23903,BC23903_C2,Androgen Response,0.660870
BC23903,BC23903_C2,Angiogenesis,0.487515
BC23903,BC23903_C2,Apical Junction,0.595485
BC23903,BC23903_C2,Apical Surface,0.512476
BC23903,BC23903_C2,Apoptosis,0.592598
BC23903,BC23903_C2,Bile Acid Metabolism,0.522123
BC23903,BC23903_C2,Cholesterol Homeostasis,0.629852
BC23903,BC23903_C2,Coagulation,0.556711
BC23903,BC23903_C2,Complement,0.626851
BC23903,BC23903_C2,DNA Repair,0.630738
BC23903,BC23903_C2,E2F Targets,0.726147
BC23903,BC23903_C2,Epithelial Mesenchymal Transition,0.616125
BC23903,BC23903_C2,Estrogen Response Early,0.520792
BC23903,BC23903_C2,Estrogen Response Late,0.593068
BC23903,BC23903_C2,Fatty Acid Metabolism,0.665497
BC23903,BC23903_C2,G2-M Checkpoint,0.705872
BC23903,BC23903_C2,Glycolysis,0.749263
BC23903,BC23903_C2,Hedgehog Signaling,0.442908
BC23903,BC23903_C2,Hypoxia,0.660083
BC23903,BC23903_C2,IL-2/STAT5 Signaling,0.625526
BC23903,BC23903_C2,IL-6/JAK/STAT3 Signaling,0.460458
BC23903,BC23903_C2,Inflammatory Response,0.552619
BC23903,BC23903_C2,Interferon Alpha Response,0.246924
BC23903,BC23903_C2,Interferon Gamma Response,0.459862
BC23903,BC23903_C2,KRAS Signaling Dn,0.328477
BC23903,BC23903_C2,KRAS Signaling Up,0.579345
BC23903,BC23903_C2,Mitotic Spindle,0.666889
BC23903,BC23903_C2,Myc Targets V1,0.765924
BC23903,BC23903_C2,Myc Targets V2,0.546300
BC23903,BC23903_C2,Myogenesis,0.549590
BC23903,BC23903_C2,Notch Signaling,0.504269
BC23903,BC23903_C2,Oxidative Phosphorylation,0.685835
BC23903,BC23903_C2,PI3K/AKT/mTOR  Signaling,0.648206
BC23903,BC23903_C2,Pancreas Beta Cells,0.207952
BC23903,BC23903_C2,Pperoxisome,0.651867
BC23903,BC23903_C2,Protein Secretion,0.712115
BC23903,BC23903_C2,Reactive Oxygen Species Pathway,0.567278
BC23903,BC23903_C2,Spermatogenesis,0.510629
BC23903,BC23903_C2,TGF-beta Signaling,0.548533
BC23903,BC23903_C2,TNF-alpha Signaling via NF-kB,0.607691
BC23903,BC23903_C2,UV Response Dn,0.596206
BC23903,BC23903_C2,UV Response Up,0.662670
BC23903,BC23903_C2,Unfolded Protein Response,0.736766
BC23903,BC23903_C2,Wnt-beta Catenin Signaling,0.408931
BC23903,BC23903_C2,Xenobiotic Metabolism,0.620150
BC23903,BC23903_C2,heme Metabolism,0.647745
BC23903,BC23903_C2,mTORC1 Signaling,0.761945
BC23903,BC23903_C2,p53 Pathway,0.634044
BC23903,BC23903_D1,Adipogenesis,0.682840
BC23903,BC23903_D1,Allograft Rejection,0.647652
BC23903,BC23903_D1,Androgen Response,0.693422
BC23903,BC23903_D1,Angiogenesis,0.473157
BC23903,BC23903_D1,Apical Junction,0.662952
BC23903,BC23903_D1,Apical Surface,0.514909
BC23903,BC23903_D1,Apoptosis,0.623747
BC23903,BC23903_D1,Bile Acid Metabolism,0.562067
BC23903,BC23903_D1,Cholesterol Homeostasis,0.669682
BC23903,BC23903_D1,Coagulation,0.552803
BC23903,BC23903_D1,Complement,0.642974
BC23903,BC23903_D1,DNA Repair,0.643993
BC23903,BC23903_D1,E2F Targets,0.744385
BC23903,BC23903_D1,Epithelial Mesenchymal Transition,0.565381
BC23903,BC23903_D1,Estrogen Response Early,0.511346
BC23903,BC23903_D1,Estrogen Response Late,0.650757
BC23903,BC23903_D1,Fatty Acid Metabolism,0.645060
BC23903,BC23903_D1,G2-M Checkpoint,0.763736
BC23903,BC23903_D1,Glycolysis,0.750953
BC23903,BC23903_D1,Hedgehog Signaling,0.410415
BC23903,BC23903_D1,Hypoxia,0.622511
BC23903,BC23903_D1,IL-2/STAT5 Signaling,0.621444
BC23903,BC23903_D1,IL-6/JAK/STAT3 Signaling,0.536606
BC23903,BC23903_D1,Inflammatory Response,0.588752
BC23903,BC23903_D1,Interferon Alpha Response,0.399034
BC23903,BC23903_D1,Interferon Gamma Response,0.565092
BC23903,BC23903_D1,KRAS Signaling Dn,0.419999
BC23903,BC23903_D1,KRAS Signaling Up,0.575349
BC23903,BC23903_D1,Mitotic Spindle,0.726693
BC23903,BC23903_D1,Myc Targets V1,0.769790
BC23903,BC23903_D1,Myc Targets V2,0.557681
BC23903,BC23903_D1,Myogenesis,0.578150
BC23903,BC23903_D1,Notch Signaling,0.490510
BC23903,BC23903_D1,Oxidative Phosphorylation,0.736179
BC23903,BC23903_D1,PI3K/AKT/mTOR  Signaling,0.689070
BC23903,BC23903_D1,Pancreas Beta Cells,0.319109
BC23903,BC23903_D1,Pperoxisome,0.628304
BC23903,BC23903_D1,Protein Secretion,0.682905
BC23903,BC23903_D1,Reactive Oxygen Species Pathway,0.632671
BC23903,BC23903_D1,Spermatogenesis,0.520169
BC23903,BC23903_D1,TGF-beta Signaling,0.536144
BC23903,BC23903_D1,TNF-alpha Signaling via NF-kB,0.586178
BC23903,BC23903_D1,UV Response Dn,0.584892
BC23903,BC23903_D1,UV Response Up,0.684707
BC23903,BC23903_D1,Unfolded Protein Response,0.755434
BC23903,BC23903_D1,Wnt-beta Catenin Signaling,0.473022
BC23903,BC23903_D1,Xenobiotic Metabolism,0.667519
BC23903,BC23903_D1,heme Metabolism,0.691450
BC23903,BC23903_D1,mTORC1 Signaling,0.762063
BC23903,BC23903_D1,p53 Pathway,0.642247
BC23944,BC23944_D2,Adipogenesis,0.325476
BC23944,BC23944_D2,Allograft Rejection,0.272040
BC23944,BC23944_D2,Androgen Response,0.401220
BC23944,BC23944_D2,Angiogenesis,0.191583
BC23944,BC23944_D2,Apical Junction,0.357447
BC23944,BC23944_D2,Apical Surface,0.273763
BC23944,BC23944_D2,Apoptosis,0.257963
BC23944,BC23944_D2,Bile Acid Metabolism,0.290507
BC23944,BC23944_D2,Cholesterol Homeostasis,0.371518
BC23944,BC23944_D2,Coagulation,0.332441
BC23944,BC23944_D2,Complement,0.348190
BC23944,BC23944_D2,DNA Repair,0.470911
BC23944,BC23944_D2,E2F Targets,0.473764
BC23944,BC23944_D2,Epithelial Mesenchymal Transition,0.349869
BC23944,BC23944_D2,Estrogen Response Early,0.384779
BC23944,BC23944_D2,Estrogen Response Late,0.384236
BC23944,BC23944_D2,Fatty Acid Metabolism,0.400797
BC23944,BC23944_D2,G2-M Checkpoint,0.454777
BC23944,BC23944_D2,Glycolysis,0.445852
BC23944,BC23944_D2,Hedgehog Signaling,0.151842
BC23944,BC23944_D2,Hypoxia,0.343316
BC23944,BC23944_D2,IL-2/STAT5 Signaling,0.402672
BC23944,BC23944_D2,IL-6/JAK/STAT3 Signaling,0.233842
BC23944,BC23944_D2,Inflammatory Response,0.264200
BC23944,BC23944_D2,Interferon Alpha Response,0.331978
BC23944,BC23944_D2,Interferon Gamma Response,0.333681
BC23944,BC23944_D2,KRAS Signaling Dn,0.203122
BC23944,BC23944_D2,KRAS Signaling Up,0.235337
BC23944,BC23944_D2,Mitotic Spindle,0.406455
BC23944,BC23944_D2,Myc Targets V1,0.444422
BC23944,BC23944_D2,Myc Targets V2,0.363579
BC23944,BC23944_D2,Myogenesis,0.353014
BC23944,BC23944_D2,Notch Signaling,0.319505
BC23944,BC23944_D2,Oxidative Phosphorylation,0.373169
BC23944,BC23944_D2,PI3K/AKT/mTOR  Signaling,0.477147
BC23944,BC23944_D2,Pancreas Beta Cells,0.160011
BC23944,BC23944_D2,Pperoxisome,0.344503
BC23944,BC23944_D2,Protein Secretion,0.378060
BC23944,BC23944_D2,Reactive Oxygen Species Pathway,0.281947
BC23944,BC23944_D2,Spermatogenesis,0.207348
BC23944,BC23944_D2,TGF-beta Signaling,0.298923
BC23944,BC23944_D2,TNF-alpha Signaling via NF-kB,0.211197
BC23944,BC23944_D2,UV Response Dn,0.252740
BC23944,BC23944_D2,UV Response Up,0.352987
BC23944,BC23944_D2,Unfolded Protein Response,0.445688
BC23944,BC23944_D2,Wnt-beta Catenin Signaling,0.350326
BC23944,BC23944_D2,Xenobiotic Metabolism,0.384129
BC23944,BC23944_D2,heme Metabolism,0.445775
BC23944,BC23944_D2,mTORC1 Signaling,0.423805
BC23944,BC23944_D2,p53 Pathway,0.407068
BC23944,BC23944_E1,Adipogenesis,0.244423
BC23944,BC23944_E1,Allograft Rejection,0.343914
BC23944,BC23944_E1,Androgen Response,0.326749
BC23944,BC23944_E1,Angiogenesis,0.182726
BC23944,BC23944_E1,Apical Junction,0.331474
BC23944,BC23944_E1,Apical Surface,0.190071
BC23944,BC23944_E1,Apoptosis,0.192066
BC23944,BC23944_E1,Bile Acid Metabolism,0.162304
BC23944,BC23944_E1,Cholesterol Homeostasis,0.312196
BC23944,BC23944_E1,Coagulation,0.259348
BC23944,BC23944_E1,Complement,0.311266
BC23944,BC23944_E1,DNA Repair,0.365131
BC23944,BC23944_E1,E2F Targets,0.436235
BC23944,BC23944_E1,Epithelial Mesenchymal Transition,0.274538
BC23944,BC23944_E1,Estrogen Response Early,0.157698
BC23944,BC23944_E1,Estrogen Response Late,0.329882
BC23944,BC23944_E1,Fatty Acid Metabolism,0.296559
BC23944,BC23944_E1,G2-M Checkpoint,0.439844
BC23944,BC23944_E1,Glycolysis,0.345809
BC23944,BC23944_E1,Hedgehog Signaling,0.165987
BC23944,BC23944_E1,Hypoxia,0.211414
BC23944,BC23944_E1,IL-2/STAT5 Signaling,0.333668
BC23944,BC23944_E1,IL-6/JAK/STAT3 Signaling,0.256864
BC23944,BC23944_E1,Inflammatory Response,0.316575
BC23944,BC23944_E1,Interferon Alpha Response,0.375120
BC23944,BC23944_E1,Interferon Gamma Response,0.392209
BC23944,BC23944_E1,KRAS Signaling Dn,0.204433
BC23944,BC23944_E1,KRAS Signaling Up,0.184432
BC23944,BC23944_E1,Mitotic Spindle,0.420830
BC23944,BC23944_E1,Myc Targets V1,0.453614
BC23944,BC23944_E1,Myc Targets V2,0.267938
BC23944,BC23944_E1,Myogenesis,0.269209
BC23944,BC23944_E1,Notch Signaling,0.249319
BC23944,BC23944_E1,Oxidative Phosphorylation,0.278449
BC23944,BC23944_E1,PI3K/AKT/mTOR  Signaling,0.346648
BC23944,BC23944_E1,Pancreas Beta Cells,0.097114
BC23944,BC23944_E1,Pperoxisome,0.208473
BC23944,BC23944_E1,Protein Secretion,0.355233
BC23944,BC23944_E1,Reactive Oxygen Species Pathway,0.221368
BC23944,BC23944_E1,Spermatogenesis,0.239417
BC23944,BC23944_E1,TGF-beta Signaling,0.154513
BC23944,BC23944_E1,TNF-alpha Signaling via NF-kB,0.154259
BC23944,BC23944_E1,UV Response Dn,0.251474
BC23944,BC23944_E1,UV Response Up,0.322892
BC23944,BC23944_E1,Unfolded Protein Response,0.428189
BC23944,BC23944_E1,Wnt-beta Catenin Signaling,0.187826
BC23944,BC23944_E1,Xenobiotic Metabolism,0.386399
BC23944,BC23944_E1,heme Metabolism,0.363292
BC23944,BC23944_E1,mTORC1 Signaling,0.381083
BC23944,BC23944_E1,p53 Pathway,0.305833
BC23944,BC23944_E2,Adipogenesis,-0.050518
BC23944,BC23944_E2,Allograft Rejection,-0.030300
BC23944,BC23944_E2,Androgen Response,0.131946
BC23944,BC23944_E2,Angiogenesis,-0.077397
BC23944,BC23944_E2,Apical Junction,-0.034015
BC23944,BC23944_E2,Apical Surface,0.032975
BC23944,BC23944_E2,Apoptosis,-0.038413
BC23944,BC23944_E2,Bile Acid Metabolism,0.037075
BC23944,BC23944_E2,Cholesterol Homeostasis,0.028129
BC23944,BC23944_E2,Coagulation,-0.003371
BC23944,BC23944_E2,Complement,-0.019647
BC23944,BC23944_E2,DNA Repair,0.025395
BC23944,BC23944_E2,E2F Targets,0.157428
BC23944,BC23944_E2,Epithelial Mesenchymal Transition,0.139571
BC23944,BC23944_E2,Estrogen Response Early,0.117389
BC23944,BC23944_E2,Estrogen Response Late,0.111052
BC23944,BC23944_E2,Fatty Acid Metabolism,0.081549
BC23944,BC23944_E2,G2-M Checkpoint,0.191372
BC23944,BC23944_E2,Glycolysis,0.000156
BC23944,BC23944_E2,Hedgehog Signaling,0.050304
BC23944,BC23944_E2,Hypoxia,0.011401
BC23944,BC23944_E2,IL-2/STAT5 Signaling,-0.048957
BC23944,BC23944_E2,IL-6/JAK/STAT3 Signaling,-0.015071
BC23944,BC23944_E2,Inflammatory Response,0.048402
BC23944,BC23944_E2,Interferon Alpha Response,-0.001486
BC23944,BC23944_E2,Interferon Gamma Response,-0.018292
BC23944,BC23944_E2,KRAS Signaling Dn,-0.024478
BC23944,BC23944_E2,KRAS Signaling Up,-0.025471
BC23944,BC23944_E2,Mitotic Spindle,0.141159
BC23944,BC23944_E2,Myc Targets V1,0.100934
BC23944,BC23944_E2,Myc Targets V2,-0.008288
BC23944,BC23944_E2,Myogenesis,0.033074
BC23944,BC23944_E2,Notch Signaling,0.069811
BC23944,BC23944_E2,Oxidative Phosphorylation,-0.000366
BC23944,BC23944_E2,PI3K/AKT/mTOR  Signaling,0.104235
BC23944,BC23944_E2,Pancreas Beta Cells,0.076989
BC23944,BC23944_E2,Pperoxisome,0.054892
BC23944,BC23944_E2,Protein Secretion,0.115827
BC23944,BC23944_E2,Reactive Oxygen Species Pathway,0.007011
BC23944,BC23944_E2,Spermatogenesis,0.074159
BC23944,BC23944_E2,TGF-beta Signaling,0.067857
BC23944,BC23944_E2,TNF-alpha Signaling via NF-kB,0.056263
BC23944,BC23944_E2,UV Response Dn,0.112762
BC23944,BC23944_E2,UV Response Up,0.037495
BC23944,BC23944_E2,Unfolded Protein Response,0.094059
BC23944,BC23944_E2,Wnt-beta Catenin Signaling,-0.055680
BC23944,BC23944_E2,Xenobiotic Metabolism,0.077657
BC23944,BC23944_E2,heme Metabolism,0.008697
BC23944,BC23944_E2,mTORC1 Signaling,0.131855
BC23944,BC23944_E2,p53 Pathway,-0.036174
BC24044,BC24044_D2,Adipogenesis,0.553994
BC24044,BC24044_D2,Allograft Rejection,0.626802
BC24044,BC24044_D2,Androgen Response,0.608233
BC24044,BC24044_D2,Angiogenesis,0.181782
BC24044,BC24044_D2,Apical Junction,0.608656
BC24044,BC24044_D2,Apical Surface,0.429977
BC24044,BC24044_D2,Apoptosis,0.567375
BC24044,BC24044_D2,Bile Acid Metabolism,0.363896
BC24044,BC24044_D2,Cholesterol Homeostasis,0.572527
BC24044,BC24044_D2,Coagulation,0.504488
BC24044,BC24044_D2,Complement,0.604764
BC24044,BC24044_D2,DNA Repair,0.598172
BC24044,BC24044_D2,E2F Targets,0.688578
BC24044,BC24044_D2,Epithelial Mesenchymal Transition,0.202394
BC24044,BC24044_D2,Estrogen Response Early,0.464760
BC24044,BC24044_D2,Estrogen Response Late,0.535163
BC24044,BC24044_D2,Fatty Acid Metabolism,0.550714
BC24044,BC24044_D2,G2-M Checkpoint,0.741206
BC24044,BC24044_D2,Glycolysis,0.597962
BC24044,BC24044_D2,Hedgehog Signaling,0.344720
BC24044,BC24044_D2,Hypoxia,0.434804
BC24044,BC24044_D2,IL-2/STAT5 Signaling,0.579044
BC24044,BC24044_D2,IL-6/JAK/STAT3 Signaling,0.442419
BC24044,BC24044_D2,Inflammatory Response,0.510333
BC24044,BC24044_D2,Interferon Alpha Response,0.505292
BC24044,BC24044_D2,Interferon Gamma Response,0.604443
BC24044,BC24044_D2,KRAS Signaling Dn,0.430234
BC24044,BC24044_D2,KRAS Signaling Up,0.476350
BC24044,BC24044_D2,Mitotic Spindle,0.699669
BC24044,BC24044_D2,Myc Targets V1,0.701341
BC24044,BC24044_D2,Myc Targets V2,0.507837
BC24044,BC24044_D2,Myogenesis,0.456989
BC24044,BC24044_D2,Notch Signaling,0.436065
BC24044,BC24044_D2,Oxidative Phosphorylation,0.618672
BC24044,BC24044_D2,PI3K/AKT/mTOR  Signaling,0.562246
BC24044,BC24044_D2,Pancreas Beta Cells,0.217349
BC24044,BC24044_D2,Pperoxisome,0.596375
BC24044,BC24044_D2,Protein Secretion,0.640277
BC24044,BC24044_D2,Reactive Oxygen Species Pathway,0.578314
BC24044,BC24044_D2,Spermatogenesis,0.421027
BC24044,BC24044_D2,TGF-beta Signaling,0.501831
BC24044,BC24044_D2,TNF-alpha Signaling via NF-kB,0.503926
BC24044,BC24044_D2,UV Response Dn,0.475486
BC24044,BC24044_D2,UV Response Up,0.597119
BC24044,BC24044_D2,Unfolded Protein Response,0.628395
BC24044,BC24044_D2,Wnt-beta Catenin Signaling,0.357697
BC24044,BC24044_D2,Xenobiotic Metabolism,0.535176
BC24044,BC24044_D2,heme Metabolism,0.566450
BC24044,BC24044_D2,mTORC1 Signaling,0.667899
BC24044,BC24044_D2,p53 Pathway,0.573738
BC24044,BC24044_E1,Adipogenesis,0.606041
BC24044,BC24044_E1,Allograft Rejection,0.653813
BC24044,BC24044_E1,Androgen Response,0.711274
BC24044,BC24044_E1,Angiogenesis,0.307430
BC24044,BC24044_E1,Apical Junction,0.681578
BC24044,BC24044_E1,Apical Surface,0.525337
BC24044,BC24044_E1,Apoptosis,0.667427
BC24044,BC24044_E1,Bile Acid Metabolism,0.410852
BC24044,BC24044_E1,Cholesterol Homeostasis,0.576074
BC24044,BC24044_E1,Coagulation,0.565966
BC24044,BC24044_E1,Complement,0.665284
BC24044,BC24044_E1,DNA Repair,0.641073
BC24044,BC24044_E1,E2F Targets,0.743747
BC24044,BC24044_E1,Epithelial Mesenchymal Transition,0.388393
BC24044,BC24044_E1,Estrogen Response Early,0.618731
BC24044,BC24044_E1,Estrogen Response Late,0.635589
BC24044,BC24044_E1,Fatty Acid Metabolism,0.639853
BC24044,BC24044_E1,G2-M Checkpoint,0.773828
BC24044,BC24044_E1,Glycolysis,0.649949
BC24044,BC24044_E1,Hedgehog Signaling,0.471973
BC24044,BC24044_E1,Hypoxia,0.582175
BC24044,BC24044_E1,IL-2/STAT5 Signaling,0.690269
BC24044,BC24044_E1,IL-6/JAK/STAT3 Signaling,0.584359
BC24044,BC24044_E1,Inflammatory Response,0.615096
BC24044,BC24044_E1,Interferon Alpha Response,0.539922
BC24044,BC24044_E1,Interferon Gamma Response,0.668068
BC24044,BC24044_E1,KRAS Signaling Dn,0.436591
BC24044,BC24044_E1,KRAS Signaling Up,0.585351
BC24044,BC24044_E1,Mitotic Spindle,0.772076
BC24044,BC24044_E1,Myc Targets V1,0.736787
BC24044,BC24044_E1,Myc Targets V2,0.579300
BC24044,BC24044_E1,Myogenesis,0.592086
BC24044,BC24044_E1,Notch Signaling,0.531574
BC24044,BC24044_E1,Oxidative Phosphorylation,0.615391
BC24044,BC24044_E1,PI3K/AKT/mTOR  Signaling,0.650923
BC24044,BC24044_E1,Pancreas Beta Cells,0.287284
BC24044,BC24044_E1,Pperoxisome,0.591560
BC24044,BC24044_E1,Protein Secretion,0.663346
BC24044,BC24044_E1,Reactive Oxygen Species Pathway,0.508918
BC24044,BC24044_E1,Spermatogenesis,0.575931
BC24044,BC24044_E1,TGF-beta Signaling,0.553950
BC24044,BC24044_E1,TNF-alpha Signaling via NF-kB,0.660745
BC24044,BC24044_E1,UV Response Dn,0.607238
BC24044,BC24044_E1,UV Response Up,0.648984
BC24044,BC24044_E1,Unfolded Protein Response,0.707382
BC24044,BC24044_E1,Wnt-beta Catenin Signaling,0.519620
BC24044,BC24044_E1,Xenobiotic Metabolism,0.615363
BC24044,BC24044_E1,heme Metabolism,0.673964
BC24044,BC24044_E1,mTORC1 Signaling,0.725085
BC24044,BC24044_E1,p53 Pathway,0.658045
BC24044,BC24044_E2,Adipogenesis,0.522007
BC24044,BC24044_E2,Allograft Rejection,0.631894
BC24044,BC24044_E2,Androgen Response,0.634231
BC24044,BC24044_E2,Angiogenesis,0.210149
BC24044,BC24044_E2,Apical Junction,0.603689
BC24044,BC24044_E2,Apical Surface,0.394607
BC24044,BC24044_E2,Apoptosis,0.606890
BC24044,BC24044_E2,Bile Acid Metabolism,0.392357
BC24044,BC24044_E2,Cholesterol Homeostasis,0.491147
BC24044,BC24044_E2,Coagulation,0.559221
BC24044,BC24044_E2,Complement,0.610829
BC24044,BC24044_E2,DNA Repair,0.578987
BC24044,BC24044_E2,E2F Targets,0.701411
BC24044,BC24044_E2,Epithelial Mesenchymal Transition,0.301431
BC24044,BC24044_E2,Estrogen Response Early,0.538183
BC24044,BC24044_E2,Estrogen Response Late,0.569034
BC24044,BC24044_E2,Fatty Acid Metabolism,0.584968
BC24044,BC24044_E2,G2-M Checkpoint,0.723760
BC24044,BC24044_E2,Glycolysis,0.586774
BC24044,BC24044_E2,Hedgehog Signaling,0.395031
BC24044,BC24044_E2,Hypoxia,0.469716
BC24044,BC24044_E2,IL-2/STAT5 Signaling,0.593607
BC24044,BC24044_E2,IL-6/JAK/STAT3 Signaling,0.531793
BC24044,BC24044_E2,Inflammatory Response,0.570816
BC24044,BC24044_E2,Interferon Alpha Response,0.495184
BC24044,BC24044_E2,Interferon Gamma Response,0.618920
BC24044,BC24044_E2,KRAS Signaling Dn,0.374418
BC24044,BC24044_E2,KRAS Signaling Up,0.585528
BC24044,BC24044_E2,Mitotic Spindle,0.716722
BC24044,BC24044_E2,Myc Targets V1,0.710171
BC24044,BC24044_E2,Myc Targets V2,0.380393
BC24044,BC24044_E2,Myogenesis,0.501375
BC24044,BC24044_E2,Notch Signaling,0.435227
BC24044,BC24044_E2,Oxidative Phosphorylation,0.638895
BC24044,BC24044_E2,PI3K/AKT/mTOR  Signaling,0.603350
BC24044,BC24044_E2,Pancreas Beta Cells,0.285141
BC24044,BC24044_E2,Pperoxisome,0.551074
BC24044,BC24044_E2,Protein Secretion,0.640793
BC24044,BC24044_E2,Reactive Oxygen Species Pathway,0.503499
BC24044,BC24044_E2,Spermatogenesis,0.433814
BC24044,BC24044_E2,TGF-beta Signaling,0.460083
BC24044,BC24044_E2,TNF-alpha Signaling via NF-kB,0.583856
BC24044,BC24044_E2,UV Response Dn,0.564974
BC24044,BC24044_E2,UV Response Up,0.582499
BC24044,BC24044_E2,Unfolded Protein Response,0.653810
BC24044,BC24044_E2,Wnt-beta Catenin Signaling,0.414116
BC24044,BC24044_E2,Xenobiotic Metabolism,0.540765
BC24044,BC24044_E2,heme Metabolism,0.606918
BC24044,BC24044_E2,mTORC1 Signaling,0.646498
BC24044,BC24044_E2,p53 Pathway,0.595579
BC24105,BC24105_C1,Adipogenesis,0.042743
BC24105,BC24105_C1,Allograft Rejection,0.248019
BC24105,BC24105_C1,Androgen Response,0.040757
BC24105,BC24105_C1,Angiogenesis,0.023850
BC24105,BC24105_C1,Apical Junction,0.054054
BC24105,BC24105_C1,Apical Surface,-0.020351
BC24105,BC24105_C1,Apoptosis,0.073161
BC24105,BC24105_C1,Bile Acid Metabolism,0.071236
BC24105,BC24105_C1,Cholesterol Homeostasis,0.216274
BC24105,BC24105_C1,Coagulation,0.264955
BC24105,BC24105_C1,Complement,-0.030533
BC24105,BC24105_C1,DNA Repair,0.124228
BC24105,BC24105_C1,E2F Targets,0.262508
BC24105,BC24105_C1,Epithelial Mesenchymal Transition,0.245847
BC24105,BC24105_C1,Estrogen Response Early,0.110029
BC24105,BC24105_C1,Estrogen Response Late,0.089850
BC24105,BC24105_C1,Fatty Acid Metabolism,0.173923
BC24105,BC24105_C1,G2-M Checkpoint,0.151410
BC24105,BC24105_C1,Glycolysis,0.147845
BC24105,BC24105_C1,Hedgehog Signaling,-0.036309
BC24105,BC24105_C1,Hypoxia,0.144867
BC24105,BC24105_C1,IL-2/STAT5 Signaling,0.013596
BC24105,BC24105_C1,IL-6/JAK/STAT3 Signaling,0.042915
BC24105,BC24105_C1,Inflammatory Response,-0.024458
BC24105,BC24105_C1,Interferon Alpha Response,0.230354
BC24105,BC24105_C1,Interferon Gamma Response,0.211357
BC24105,BC24105_C1,KRAS Signaling Dn,0.021781
BC24105,BC24105_C1,KRAS Signaling Up,0.026289
BC24105,BC24105_C1,Mitotic Spindle,0.067332
BC24105,BC24105_C1,Myc Targets V1,0.104692
BC24105,BC24105_C1,Myc Targets V2,0.118999
BC24105,BC24105_C1,Myogenesis,0.137687
BC24105,BC24105_C1,Notch Signaling,-0.001465
BC24105,BC24105_C1,Oxidative Phosphorylation,0.120218
BC24105,BC24105_C1,PI3K/AKT/mTOR  Signaling,0.052829
BC24105,BC24105_C1,Pancreas Beta Cells,-0.008354
BC24105,BC24105_C1,Pperoxisome,0.134205
BC24105,BC24105_C1,Protein Secretion,0.061533
BC24105,BC24105_C1,Reactive Oxygen Species Pathway,0.021922
BC24105,BC24105_C1,Spermatogenesis,0.104244
BC24105,BC24105_C1,TGF-beta Signaling,0.078237
BC24105,BC24105_C1,TNF-alpha Signaling via NF-kB,0.064817
BC24105,BC24105_C1,UV Response Dn,-0.044785
BC24105,BC24105_C1,UV Response Up,0.054385
BC24105,BC24105_C1,Unfolded Protein Response,0.107288
BC24105,BC24105_C1,Wnt-beta Catenin Signaling,0.028650
BC24105,BC24105_C1,Xenobiotic Metabolism,0.101664
BC24105,BC24105_C1,heme Metabolism,0.019298
BC24105,BC24105_C1,mTORC1 Signaling,0.205775
BC24105,BC24105_C1,p53 Pathway,0.055949
BC24105,BC24105_C2,Adipogenesis,0.160968
BC24105,BC24105_C2,Allograft Rejection,0.099904
BC24105,BC24105_C2,Androgen Response,0.121711
BC24105,BC24105_C2,Angiogenesis,0.071349
BC24105,BC24105_C2,Apical Junction,0.147842
BC24105,BC24105_C2,Apical Surface,-0.003084
BC24105,BC24105_C2,Apoptosis,0.098150
BC24105,BC24105_C2,Bile Acid Metabolism,0.055486
BC24105,BC24105_C2,Cholesterol Homeostasis,0.276243
BC24105,BC24105_C2,Coagulation,0.188115
BC24105,BC24105_C2,Complement,-0.069918
BC24105,BC24105_C2,DNA Repair,0.114443
BC24105,BC24105_C2,E2F Targets,0.145995
BC24105,BC24105_C2,Epithelial Mesenchymal Transition,0.381658
BC24105,BC24105_C2,Estrogen Response Early,0.125908
BC24105,BC24105_C2,Estrogen Response Late,0.084304
BC24105,BC24105_C2,Fatty Acid Metabolism,0.184002
BC24105,BC24105_C2,G2-M Checkpoint,0.137125
BC24105,BC24105_C2,Glycolysis,0.089925
BC24105,BC24105_C2,Hedgehog Signaling,0.066109
BC24105,BC24105_C2,Hypoxia,0.060229
BC24105,BC24105_C2,IL-2/STAT5 Signaling,-0.031692
BC24105,BC24105_C2,IL-6/JAK/STAT3 Signaling,-0.001170
BC24105,BC24105_C2,Inflammatory Response,-0.047595
BC24105,BC24105_C2,Interferon Alpha Response,0.330350
BC24105,BC24105_C2,Interferon Gamma Response,0.263917
BC24105,BC24105_C2,KRAS Signaling Dn,0.075931
BC24105,BC24105_C2,KRAS Signaling Up,0.019563
BC24105,BC24105_C2,Mitotic Spindle,0.120489
BC24105,BC24105_C2,Myc Targets V1,0.162535
BC24105,BC24105_C2,Myc Targets V2,0.128508
BC24105,BC24105_C2,Myogenesis,0.146334
BC24105,BC24105_C2,Notch Signaling,0.036699
BC24105,BC24105_C2,Oxidative Phosphorylation,0.175688
BC24105,BC24105_C2,PI3K/AKT/mTOR  Signaling,0.068773
BC24105,BC24105_C2,Pancreas Beta Cells,-0.067020
BC24105,BC24105_C2,Pperoxisome,0.127622
BC24105,BC24105_C2,Protein Secretion,0.154772
BC24105,BC24105_C2,Reactive Oxygen Species Pathway,0.025534
BC24105,BC24105_C2,Spermatogenesis,0.083924
BC24105,BC24105_C2,TGF-beta Signaling,0.043365
BC24105,BC24105_C2,TNF-alpha Signaling via NF-kB,0.010412
BC24105,BC24105_C2,UV Response Dn,0.038028
BC24105,BC24105_C2,UV Response Up,0.099077
BC24105,BC24105_C2,Unfolded Protein Response,0.104454
BC24105,BC24105_C2,Wnt-beta Catenin Signaling,-0.058902
BC24105,BC24105_C2,Xenobiotic Metabolism,0.065476
BC24105,BC24105_C2,heme Metabolism,-0.111191
BC24105,BC24105_C2,mTORC1 Signaling,0.248581
BC24105,BC24105_C2,p53 Pathway,0.114189
BC24105,BC24105_D1,Adipogenesis,-0.018501
BC24105,BC24105_D1,Allograft Rejection,0.095229
BC24105,BC24105_D1,Androgen Response,0.060510
BC24105,BC24105_D1,Angiogenesis,-0.136461
BC24105,BC24105_D1,Apical Junction,0.044037
BC24105,BC24105_D1,Apical Surface,-0.029480
BC24105,BC24105_D1,Apoptosis,0.060489
BC24105,BC24105_D1,Bile Acid Metabolism,0.179912
BC24105,BC24105_D1,Cholesterol Homeostasis,0.156459
BC24105,BC24105_D1,Coagulation,0.125644
BC24105,BC24105_D1,Complement,-0.015924
BC24105,BC24105_D1,DNA Repair,0.041274
BC24105,BC24105_D1,E2F Targets,0.141503
BC24105,BC24105_D1,Epithelial Mesenchymal Transition,0.169149
BC24105,BC24105_D1,Estrogen Response Early,0.148438
BC24105,BC24105_D1,Estrogen Response Late,0.157789
BC24105,BC24105_D1,Fatty Acid Metabolism,0.085576
BC24105,BC24105_D1,G2-M Checkpoint,0.111234
BC24105,BC24105_D1,Glycolysis,0.125539
BC24105,BC24105_D1,Hedgehog Signaling,0.027375
BC24105,BC24105_D1,Hypoxia,0.052444
BC24105,BC24105_D1,IL-2/STAT5 Signaling,-0.036016
BC24105,BC24105_D1,IL-6/JAK/STAT3 Signaling,-0.037539
BC24105,BC24105_D1,Inflammatory Response,-0.094181
BC24105,BC24105_D1,Interferon Alpha Response,0.231875
BC24105,BC24105_D1,Interferon Gamma Response,0.162251
BC24105,BC24105_D1,KRAS Signaling Dn,0.019765
BC24105,BC24105_D1,KRAS Signaling Up,-0.022408
BC24105,BC24105_D1,Mitotic Spindle,-0.044064
BC24105,BC24105_D1,Myc Targets V1,0.150213
BC24105,BC24105_D1,Myc Targets V2,0.107891
BC24105,BC24105_D1,Myogenesis,0.074471
BC24105,BC24105_D1,Notch Signaling,0.063748
BC24105,BC24105_D1,Oxidative Phosphorylation,0.054514
BC24105,BC24105_D1,PI3K/AKT/mTOR  Signaling,0.040921
BC24105,BC24105_D1,Pancreas Beta Cells,0.006239
BC24105,BC24105_D1,Pperoxisome,0.132891
BC24105,BC24105_D1,Protein Secretion,-0.008875
BC24105,BC24105_D1,Reactive Oxygen Species Pathway,0.029416
BC24105,BC24105_D1,Spermatogenesis,0.117779
BC24105,BC24105_D1,TGF-beta Signaling,-0.038157
BC24105,BC24105_D1,TNF-alpha Signaling via NF-kB,-0.041496
BC24105,BC24105_D1,UV Response Dn,0.069373
BC24105,BC24105_D1,UV Response Up,0.040233
BC24105,BC24105_D1,Unfolded Protein Response,-0.039972
BC24105,BC24105_D1,Wnt-beta Catenin Signaling,-0.210514
BC24105,BC24105_D1,Xenobiotic Metabolism,0.053970
BC24105,BC24105_D1,heme Metabolism,0.014747
BC24105,BC24105_D1,mTORC1 Signaling,0.192746
BC24105,BC24105_D1,p53 Pathway,0.043722
BC24220,BC24220_D2,Adipogenesis,0.606090
BC24220,BC24220_D2,Allograft Rejection,0.452307
BC24220,BC24220_D2,Androgen Response,0.615586
BC24220,BC24220_D2,Angiogenesis,0.431666
BC24220,BC24220_D2,Apical Junction,0.558114
BC24220,BC24220_D2,Apical Surface,0.430066
BC24220,BC24220_D2,Apoptosis,0.640146
BC24220,BC24220_D2,Bile Acid Metabolism,0.427744
BC24220,BC24220_D2,Cholesterol Homeostasis,0.591765
BC24220,BC24220_D2,Coagulation,0.557311
BC24220,BC24220_D2,Complement,0.536753
BC24220,BC24220_D2,DNA Repair,0.514564
BC24220,BC24220_D2,E2F Targets,0.608970
BC24220,BC24220_D2,Epithelial Mesenchymal Transition,0.478309
BC24220,BC24220_D2,Estrogen Response Early,0.576022
BC24220,BC24220_D2,Estrogen Response Late,0.534805
BC24220,BC24220_D2,Fatty Acid Metabolism,0.586880
BC24220,BC24220_D2,G2-M Checkpoint,0.612193
BC24220,BC24220_D2,Glycolysis,0.512742
BC24220,BC24220_D2,Hedgehog Signaling,0.315940
BC24220,BC24220_D2,Hypoxia,0.449740
BC24220,BC24220_D2,IL-2/STAT5 Signaling,0.613142
BC24220,BC24220_D2,IL-6/JAK/STAT3 Signaling,0.423389
BC24220,BC24220_D2,Inflammatory Response,0.502636
BC24220,BC24220_D2,Interferon Alpha Response,0.405854
BC24220,BC24220_D2,Interferon Gamma Response,0.487826
BC24220,BC24220_D2,KRAS Signaling Dn,0.279460
BC24220,BC24220_D2,KRAS Signaling Up,0.540545
BC24220,BC24220_D2,Mitotic Spindle,0.660608
BC24220,BC24220_D2,Myc Targets V1,0.640806
BC24220,BC24220_D2,Myc Targets V2,0.452755
BC24220,BC24220_D2,Myogenesis,0.479471
BC24220,BC24220_D2,Notch Signaling,0.432976
BC24220,BC24220_D2,Oxidative Phosphorylation,0.588823
BC24220,BC24220_D2,PI3K/AKT/mTOR  Signaling,0.590686
BC24220,BC24220_D2,Pancreas Beta Cells,0.325788
BC24220,BC24220_D2,Pperoxisome,0.566395
BC24220,BC24220_D2,Protein Secretion,0.599850
BC24220,BC24220_D2,Reactive Oxygen Species Pathway,0.424404
BC24220,BC24220_D2,Spermatogenesis,0.517490
BC24220,BC24220_D2,TGF-beta Signaling,0.443165
BC24220,BC24220_D2,TNF-alpha Signaling via NF-kB,0.548377
BC24220,BC24220_D2,UV Response Dn,0.581946
BC24220,BC24220_D2,UV Response Up,0.540894
BC24220,BC24220_D2,Unfolded Protein Response,0.560121
BC24220,BC24220_D2,Wnt-beta Catenin Signaling,0.409404
BC24220,BC24220_D2,Xenobiotic Metabolism,0.579236
BC24220,BC24220_D2,heme Metabolism,0.633248
BC24220,BC24220_D2,mTORC1 Signaling,0.611423
BC24220,BC24220_D2,p53 Pathway,0.577570
BC24220,BC24220_E1,Adipogenesis,0.540007
BC24220,BC24220_E1,Allograft Rejection,0.420965
BC24220,BC24220_E1,Androgen Response,0.634392
BC24220,BC24220_E1,Angiogenesis,0.433083
BC24220,BC24220_E1,Apical Junction,0.518076
BC24220,BC24220_E1,Apical Surface,0.464178
BC24220,BC24220_E1,Apoptosis,0.645457
BC24220,BC24220_E1,Bile Acid Metabolism,0.413185
BC24220,BC24220_E1,Cholesterol Homeostasis,0.503217
BC24220,BC24220_E1,Coagulation,0.566388
BC24220,BC24220_E1,Complement,0.605792
BC24220,BC24220_E1,DNA Repair,0.547123
BC24220,BC24220_E1,E2F Targets,0.637167
BC24220,BC24220_E1,Epithelial Mesenchymal Transition,0.498500
BC24220,BC24220_E1,Estrogen Response Early,0.571241
BC24220,BC24220_E1,Estrogen Response Late,0.588840
BC24220,BC24220_E1,Fatty Acid Metabolism,0.609447
BC24220,BC24220_E1,G2-M Checkpoint,0.629108
BC24220,BC24220_E1,Glycolysis,0.530601
BC24220,BC24220_E1,Hedgehog Signaling,0.326336
BC24220,BC24220_E1,Hypoxia,0.494992
BC24220,BC24220_E1,IL-2/STAT5 Signaling,0.588858
BC24220,BC24220_E1,IL-6/JAK/STAT3 Signaling,0.481062
BC24220,BC24220_E1,Inflammatory Response,0.516475
BC24220,BC24220_E1,Interferon Alpha Response,0.421760
BC24220,BC24220_E1,Interferon Gamma Response,0.484735
BC24220,BC24220_E1,KRAS Signaling Dn,0.300963
BC24220,BC24220_E1,KRAS Signaling Up,0.590392
BC24220,BC24220_E1,Mitotic Spindle,0.643595
BC24220,BC24220_E1,Myc Targets V1,0.641267
BC24220,BC24220_E1,Myc Targets V2,0.359490
BC24220,BC24220_E1,Myogenesis,0.438119
BC24220,BC24220_E1,Notch Signaling,0.466259
BC24220,BC24220_E1,Oxidative Phosphorylation,0.629150
BC24220,BC24220_E1,PI3K/AKT/mTOR  Signaling,0.547606
BC24220,BC24220_E1,Pancreas Beta Cells,0.310374
BC24220,BC24220_E1,Pperoxisome,0.505972
BC24220,BC24220_E1,Protein Secretion,0.650822
BC24220,BC24220_E1,Reactive Oxygen Species Pathway,0.412692
BC24220,BC24220_E1,Spermatogenesis,0.455449
BC24220,BC24220_E1,TGF-beta Signaling,0.499222
BC24220,BC24220_E1,TNF-alpha Signaling via NF-kB,0.547358
BC24220,BC24220_E1,UV Response Dn,0.587594
BC24220,BC24220_E1,UV Response Up,0.526017
BC24220,BC24220_E1,Unfolded Protein Response,0.570101
BC24220,BC24220_E1,Wnt-beta Catenin Signaling,0.437150
BC24220,BC24220_E1,Xenobiotic Metabolism,0.560273
BC24220,BC24220_E1,heme Metabolism,0.555262
BC24220,BC24220_E1,mTORC1 Signaling,0.603233
BC24220,BC24220_E1,p53 Pathway,0.525433
BC24220,BC24220_E2,Adipogenesis,0.406483
BC24220,BC24220_E2,Allograft Rejection,0.384809
BC24220,BC24220_E2,Androgen Response,0.544781
BC24220,BC24220_E2,Angiogenesis,0.384717
BC24220,BC24220_E2,Apical Junction,0.478124
BC24220,BC24220_E2,Apical Surface,0.301266
BC24220,BC24220_E2,Apoptosis,0.541152
BC24220,BC24220_E2,Bile Acid Metabolism,0.366629
BC24220,BC24220_E2,Cholesterol Homeostasis,0.385573
BC24220,BC24220_E2,Coagulation,0.468528
BC24220,BC24220_E2,Complement,0.469171
BC24220,BC24220_E2,DNA Repair,0.388392
BC24220,BC24220_E2,E2F Targets,0.589767
BC24220,BC24220_E2,Epithelial Mesenchymal Transition,0.456084
BC24220,BC24220_E2,Estrogen Response Early,0.454631
BC24220,BC24220_E2,Estrogen Response Late,0.433564
BC24220,BC24220_E2,Fatty Acid Metabolism,0.520755
BC24220,BC24220_E2,G2-M Checkpoint,0.587260
BC24220,BC24220_E2,Glycolysis,0.375189
BC24220,BC24220_E2,Hedgehog Signaling,0.264617
BC24220,BC24220_E2,Hypoxia,0.382961
BC24220,BC24220_E2,IL-2/STAT5 Signaling,0.500378
BC24220,BC24220_E2,IL-6/JAK/STAT3 Signaling,0.391833
BC24220,BC24220_E2,Inflammatory Response,0.392367
BC24220,BC24220_E2,Interferon Alpha Response,0.344899
BC24220,BC24220_E2,Interferon Gamma Response,0.425136
BC24220,BC24220_E2,KRAS Signaling Dn,0.098228
BC24220,BC24220_E2,KRAS Signaling Up,0.538018
BC24220,BC24220_E2,Mitotic Spindle,0.583294
BC24220,BC24220_E2,Myc Targets V1,0.571626
BC24220,BC24220_E2,Myc Targets V2,0.318695
BC24220,BC24220_E2,Myogenesis,0.420261
BC24220,BC24220_E2,Notch Signaling,0.291815
BC24220,BC24220_E2,Oxidative Phosphorylation,0.459041
BC24220,BC24220_E2,PI3K/AKT/mTOR  Signaling,0.469186
BC24220,BC24220_E2,Pancreas Beta Cells,0.283899
BC24220,BC24220_E2,Pperoxisome,0.455394
BC24220,BC24220_E2,Protein Secretion,0.575578
BC24220,BC24220_E2,Reactive Oxygen Species Pathway,0.346634
BC24220,BC24220_E2,Spermatogenesis,0.423959
BC24220,BC24220_E2,TGF-beta Signaling,0.433629
BC24220,BC24220_E2,TNF-alpha Signaling via NF-kB,0.497051
BC24220,BC24220_E2,UV Response Dn,0.581955
BC24220,BC24220_E2,UV Response Up,0.400276
BC24220,BC24220_E2,Unfolded Protein Response,0.515811
BC24220,BC24220_E2,Wnt-beta Catenin Signaling,0.415227
BC24220,BC24220_E2,Xenobiotic Metabolism,0.504305
BC24220,BC24220_E2,heme Metabolism,0.475729
BC24220,BC24220_E2,mTORC1 Signaling,0.547578
BC24220,BC24220_E2,p53 Pathway,0.443380
