patient,section,pathway,r
BC23287,BC23287_C1,Adipogenesis,0.6815949398128794
BC23287,BC23287_C1,Allograft Rejection,0.5280437425991056
BC23287,BC23287_C1,Androgen Response,0.6980382719602516
BC23287,BC23287_C1,Angiogenesis,0.5601953431749167
BC23287,BC23287_C1,Apical Junction,0.67126415799179
BC23287,BC23287_C1,Apical Surface,0.5816969446451717
BC23287,BC23287_C1,Apoptosis,0.7009742811703902
BC23287,BC23287_C1,Bile Acid Metabolism,0.537691276880053
BC23287,BC23287_C1,Cholesterol Homeostasis,0.5927180261233057
BC23287,BC23287_C1,Coagulation,0.6385378390982097
BC23287,BC23287_C1,Complement,0.658928900997738
BC23287,BC23287_C1,DNA Repair,0.7522611876315979
BC23287,BC23287_C1,E2F Targets,0.7707348233451338
BC23287,BC23287_C1,Epithelial Mesenchymal Transition,0.584038781646668
BC23287,BC23287_C1,Estrogen Response Early,0.762125640057773
BC23287,BC23287_C1,Estrogen Response Late,0.7493130389573903
BC23287,BC23287_C1,Fatty Acid Metabolism,0.6758997495752941
BC23287,BC23287_C1,G2-M Checkpoint,0.7514974356319252
BC23287,BC23287_C1,Glycolysis,0.7528294164310476
BC23287,BC23287_C1,Hedgehog Signaling,0.3223109868410764
BC23287,BC23287_C1,Hypoxia,0.6853820868534226
BC23287,BC23287_C1,IL-2/STAT5 Signaling,0.6995932383869726
BC23287,BC23287_C1,IL-6/JAK/STAT3 Signaling,0.3858533021875527
BC23287,BC23287_C1,Inflammatory Response,0.564701298014967
BC23287,BC23287_C1,Interferon Alpha Response,0.45519570790875286
BC23287,BC23287_C1,Interferon Gamma Response,0.5147416793346197
BC23287,BC23287_C1,KRAS Signaling Dn,0.6326109552767648
BC23287,BC23287_C1,KRAS Signaling Up,0.5430079100634043
BC23287,BC23287_C1,Mitotic Spindle,0.7621876227578669
BC23287,BC23287_C1,Myc Targets V1,0.7385313804401208
BC23287,BC23287_C1,Myc Targets V2,0.5885586664509767
BC23287,BC23287_C1,Myogenesis,0.6156425189596437
BC23287,BC23287_C1,Notch Signaling,0.5470494824648525
BC23287,BC23287_C1,Oxidative Phosphorylation,0.7519598012678909
BC23287,BC23287_C1,PI3K/AKT/mTOR  Signaling,0.7344708748761083
BC23287,BC23287_C1,Pancreas Beta Cells,0.3382707816779928
BC23287,BC23287_C1,Pperoxisome,0.6587891877569676
BC23287,BC23287_C1,Protein Secretion,0.755848471655146
BC23287,BC23287_C1,Reactive Oxygen Species Pathway,0.5514980166796285
BC23287,BC23287_C1,Spermatogenesis,0.617595340796988
BC23287,BC23287_C1,TGF-beta Signaling,0.6048153869135753
BC23287,BC23287_C1,TNF-alpha Signaling via NF-kB,0.5852838361881231
BC23287,BC23287_C1,UV Response Dn,0.6136647650468842
BC23287,BC23287_C1,UV Response Up,0.7340743987926078
BC23287,BC23287_C1,Unfolded Protein Response,0.729892530539093
BC23287,BC23287_C1,Wnt-beta Catenin Signaling,0.614441754331765
BC23287,BC23287_C1,Xenobiotic Metabolism,0.6985055367258571
BC23287,BC23287_C1,heme Metabolism,0.7327548125303175
BC23287,BC23287_C1,mTORC1 Signaling,0.7502539806562958
BC23287,BC23287_C1,p53 Pathway,0.7708810916942412
BC23287,BC23287_C2,Adipogenesis,0.6558112041440148
BC23287,BC23287_C2,Allograft Rejection,0.5553101030115359
BC23287,BC23287_C2,Androgen Response,0.6969259442017655
BC23287,BC23287_C2,Angiogenesis,0.4553118795251681
BC23287,BC23287_C2,Apical Junction,0.6695478590034691
BC23287,BC23287_C2,Apical Surface,0.6128048508331557
BC23287,BC23287_C2,Apoptosis,0.7040021817977576
BC23287,BC23287_C2,Bile Acid Metabolism,0.5917235134143598
BC23287,BC23287_C2,Cholesterol Homeostasis,0.671862263695016
BC23287,BC23287_C2,Coagulation,0.5893729655844452
BC23287,BC23287_C2,Complement,0.6274434062863324
BC23287,BC23287_C2,DNA Repair,0.7595647397680626
BC23287,BC23287_C2,E2F Targets,0.8191550992225426
BC23287,BC23287_C2,Epithelial Mesenchymal Transition,0.5377936351733167
BC23287,BC23287_C2,Estrogen Response Early,0.790924171389086
BC23287,BC23287_C2,Estrogen Response Late,0.7719796408847251
BC23287,BC23287_C2,Fatty Acid Metabolism,0.6670516445951403
BC23287,BC23287_C2,G2-M Checkpoint,0.7796036453978494
BC23287,BC23287_C2,Glycolysis,0.7297039059895836
BC23287,BC23287_C2,Hedgehog Signaling,0.47049554961312073
BC23287,BC23287_C2,Hypoxia,0.6121922791543828
BC23287,BC23287_C2,IL-2/STAT5 Signaling,0.6736593056755675
BC23287,BC23287_C2,IL-6/JAK/STAT3 Signaling,0.4621795510586925
BC23287,BC23287_C2,Inflammatory Response,0.6088439070808078
BC23287,BC23287_C2,Interferon Alpha Response,0.49601787306385925
BC23287,BC23287_C2,Interferon Gamma Response,0.536499163799317
BC23287,BC23287_C2,KRAS Signaling Dn,0.5784670488962235
BC23287,BC23287_C2,KRAS Signaling Up,0.4903944004325117
BC23287,BC23287_C2,Mitotic Spindle,0.7591175819238188
BC23287,BC23287_C2,Myc Targets V1,0.7661377935892775
BC23287,BC23287_C2,Myc Targets V2,0.5679522279050471
BC23287,BC23287_C2,Myogenesis,0.6431157956254588
BC23287,BC23287_C2,Notch Signaling,0.5479695417071184
BC23287,BC23287_C2,Oxidative Phosphorylation,0.7556072242449137
BC23287,BC23287_C2,PI3K/AKT/mTOR  Signaling,0.7343128757217615
BC23287,BC23287_C2,Pancreas Beta Cells,0.3875654362517453
BC23287,BC23287_C2,Pperoxisome,0.7190747834129211
BC23287,BC23287_C2,Protein Secretion,0.7443108975608224
BC23287,BC23287_C2,Reactive Oxygen Species Pathway,0.5488719220842743
BC23287,BC23287_C2,Spermatogenesis,0.654443058834301
BC23287,BC23287_C2,TGF-beta Signaling,0.5340513038377065
BC23287,BC23287_C2,TNF-alpha Signaling via NF-kB,0.5908675927785486
BC23287,BC23287_C2,UV Response Dn,0.671683769139228
BC23287,BC23287_C2,UV Response Up,0.7498991338929409
BC23287,BC23287_C2,Unfolded Protein Response,0.7563248901218281
BC23287,BC23287_C2,Wnt-beta Catenin Signaling,0.608201803213485
BC23287,BC23287_C2,Xenobiotic Metabolism,0.714343109875595
BC23287,BC23287_C2,heme Metabolism,0.7736251054990738
BC23287,BC23287_C2,mTORC1 Signaling,0.783735235923078
BC23287,BC23287_C2,p53 Pathway,0.7304321382469322
BC23287,BC23287_D1,Adipogenesis,0.6844956942317834
BC23287,BC23287_D1,Allograft Rejection,0.535418165073379
BC23287,BC23287_D1,Androgen Response,0.6595276795039572
BC23287,BC23287_D1,Angiogenesis,0.3494013435183331
BC23287,BC23287_D1,Apical Junction,0.7028652181111253
BC23287,BC23287_D1,Apical Surface,0.5805303672576316
BC23287,BC23287_D1,Apoptosis,0.6683332214915062
BC23287,BC23287_D1,Bile Acid Metabolism,0.564791957938982
BC23287,BC23287_D1,Cholesterol Homeostasis,0.6345933529800972
BC23287,BC23287_D1,Coagulation,0.5512710619741783
BC23287,BC23287_D1,Complement,0.607963959732633
BC23287,BC23287_D1,DNA Repair,0.7454285276617048
BC23287,BC23287_D1,E2F Targets,0.8170035889935556
BC23287,BC23287_D1,Epithelial Mesenchymal Transition,0.5411105863104262
BC23287,BC23287_D1,Estrogen Response Early,0.7580125065408729
BC23287,BC23287_D1,Estrogen Response Late,0.7416700200168991
BC23287,BC23287_D1,Fatty Acid Metabolism,0.6765032428757471
BC23287,BC23287_D1,G2-M Checkpoint,0.8099565735586455
BC23287,BC23287_D1,Glycolysis,0.7195714885671869
BC23287,BC23287_D1,Hedgehog Signaling,0.33746866687084087
BC23287,BC23287_D1,Hypoxia,0.6213217643305875
BC23287,BC23287_D1,IL-2/STAT5 Signaling,0.6629108785576263
BC23287,BC23287_D1,IL-6/JAK/STAT3 Signaling,0.40066909361378544
BC23287,BC23287_D1,Inflammatory Response,0.585837014246826
BC23287,BC23287_D1,Interferon Alpha Response,0.4008023665689362
BC23287,BC23287_D1,Interferon Gamma Response,0.5365516278791349
BC23287,BC23287_D1,KRAS Signaling Dn,0.589415127855318
BC23287,BC23287_D1,KRAS Signaling Up,0.48522575879687563
BC23287,BC23287_D1,Mitotic Spindle,0.7690625742174135
BC23287,BC23287_D1,Myc Targets V1,0.8025058944210839
BC23287,BC23287_D1,Myc Targets V2,0.633795388405073
BC23287,BC23287_D1,Myogenesis,0.6164753596005086
BC23287,BC23287_D1,Notch Signaling,0.5588966490269048
BC23287,BC23287_D1,Oxidative Phosphorylation,0.7703235444529506
BC23287,BC23287_D1,PI3K/AKT/mTOR  Signaling,0.7231525739605948
BC23287,BC23287_D1,Pancreas Beta Cells,0.39500104355724813
BC23287,BC23287_D1,Pperoxisome,0.7039663576614166
BC23287,BC23287_D1,Protein Secretion,0.7112209178403159
BC23287,BC23287_D1,Reactive Oxygen Species Pathway,0.5849458117712885
BC23287,BC23287_D1,Spermatogenesis,0.6485069682742692
BC23287,BC23287_D1,TGF-beta Signaling,0.5737411137102494
BC23287,BC23287_D1,TNF-alpha Signaling via NF-kB,0.6291191463277243
BC23287,BC23287_D1,UV Response Dn,0.6144403168848999
BC23287,BC23287_D1,UV Response Up,0.7155870070662672
BC23287,BC23287_D1,Unfolded Protein Response,0.7780549638755944
BC23287,BC23287_D1,Wnt-beta Catenin Signaling,0.5350022414535849
BC23287,BC23287_D1,Xenobiotic Metabolism,0.7277663612319495
BC23287,BC23287_D1,heme Metabolism,0.74069934642788
BC23287,BC23287_D1,mTORC1 Signaling,0.7509292129234488
BC23287,BC23287_D1,p53 Pathway,0.7588811798654189
BC23450,BC23450_D2,Adipogenesis,0.2612127269297564
BC23450,BC23450_D2,Allograft Rejection,0.3277442725763784
BC23450,BC23450_D2,Androgen Response,0.26761642735034824
BC23450,BC23450_D2,Angiogenesis,0.03306071296237854
BC23450,BC23450_D2,Apical Junction,0.19404164500370563
BC23450,BC23450_D2,Apical Surface,0.18551199227049237
BC23450,BC23450_D2,Apoptosis,0.29660527241168194
BC23450,BC23450_D2,Bile Acid Metabolism,0.23029382749469093
BC23450,BC23450_D2,Cholesterol Homeostasis,0.2282759692211635
BC23450,BC23450_D2,Coagulation,0.27241843541570265
BC23450,BC23450_D2,Complement,0.3377445659542158
BC23450,BC23450_D2,DNA Repair,0.454690011833346
BC23450,BC23450_D2,E2F Targets,0.4802417244940118
BC23450,BC23450_D2,Epithelial Mesenchymal Transition,0.10593619162466035
BC23450,BC23450_D2,Estrogen Response Early,0.34442468545578236
BC23450,BC23450_D2,Estrogen Response Late,0.3054471930490954
BC23450,BC23450_D2,Fatty Acid Metabolism,0.2683421477579009
BC23450,BC23450_D2,G2-M Checkpoint,0.4473278772897476
BC23450,BC23450_D2,Glycolysis,0.24135048641946502
BC23450,BC23450_D2,Hedgehog Signaling,0.03610458326791388
BC23450,BC23450_D2,Hypoxia,0.19950688796244714
BC23450,BC23450_D2,IL-2/STAT5 Signaling,0.31233915075186547
BC23450,BC23450_D2,IL-6/JAK/STAT3 Signaling,0.16405081958713602
BC23450,BC23450_D2,Inflammatory Response,0.1597419225156722
BC23450,BC23450_D2,Interferon Alpha Response,0.28153617858039665
BC23450,BC23450_D2,Interferon Gamma Response,0.3423168532763495
BC23450,BC23450_D2,KRAS Signaling Dn,0.15025062428723654
BC23450,BC23450_D2,KRAS Signaling Up,0.24257573782612757
BC23450,BC23450_D2,Mitotic Spindle,0.40407404923591717
BC23450,BC23450_D2,Myc Targets V1,0.44390768448105294
BC23450,BC23450_D2,Myc Targets V2,0.252385044375047
BC23450,BC23450_D2,Myogenesis,0.09146338895759154
BC23450,BC23450_D2,Notch Signaling,0.1339437498987163
BC23450,BC23450_D2,Oxidative Phosphorylation,0.3246943968556594
BC23450,BC23450_D2,PI3K/AKT/mTOR  Signaling,0.2870954655189577
BC23450,BC23450_D2,Pancreas Beta Cells,0.027106240506264395
BC23450,BC23450_D2,Pperoxisome,0.2591700990315022
BC23450,BC23450_D2,Protein Secretion,0.2970816086014429
BC23450,BC23450_D2,Reactive Oxygen Species Pathway,0.21856957681056724
BC23450,BC23450_D2,Spermatogenesis,0.21295663958679426
BC23450,BC23450_D2,TGF-beta Signaling,0.17037387502903079
BC23450,BC23450_D2,TNF-alpha Signaling via NF-kB,0.17916110990951317
BC23450,BC23450_D2,UV Response Dn,0.31745530357205076
BC23450,BC23450_D2,UV Response Up,0.29011791213220883
BC23450,BC23450_D2,Unfolded Protein Response,0.2899244878790277
BC23450,BC23450_D2,Wnt-beta Catenin Signaling,0.2732352002704461
BC23450,BC23450_D2,Xenobiotic Metabolism,0.3257673717476612
BC23450,BC23450_D2,heme Metabolism,0.35067521402224006
BC23450,BC23450_D2,mTORC1 Signaling,0.3460300632728946
BC23450,BC23450_D2,p53 Pathway,0.25752891081645024
BC23450,BC23450_E1,Adipogenesis,0.3164854957494186
BC23450,BC23450_E1,Allograft Rejection,0.3172908064799408
BC23450,BC23450_E1,Androgen Response,0.3395753021446859
BC23450,BC23450_E1,Angiogenesis,-0.03789077042871167
BC23450,BC23450_E1,Apical Junction,0.11127117441341715
BC23450,BC23450_E1,Apical Surface,0.182247779242969
BC23450,BC23450_E1,Apoptosis,0.24978681968045185
BC23450,BC23450_E1,Bile Acid Metabolism,0.3222041176957126
BC23450,BC23450_E1,Cholesterol Homeostasis,0.2141338274559627
BC23450,BC23450_E1,Coagulation,0.08934390486050575
BC23450,BC23450_E1,Complement,0.2263343229859768
BC23450,BC23450_E1,DNA Repair,0.47741998894303866
BC23450,BC23450_E1,E2F Targets,0.5519009537169427
BC23450,BC23450_E1,Epithelial Mesenchymal Transition,0.021821847153022086
BC23450,BC23450_E1,Estrogen Response Early,0.4900758098247814
BC23450,BC23450_E1,Estrogen Response Late,0.4597512187571147
BC23450,BC23450_E1,Fatty Acid Metabolism,0.4378202754533379
BC23450,BC23450_E1,G2-M Checkpoint,0.5127536137293169
BC23450,BC23450_E1,Glycolysis,0.2714032553422977
BC23450,BC23450_E1,Hedgehog Signaling,-0.015888059583763246
BC23450,BC23450_E1,Hypoxia,0.14279132760983282
BC23450,BC23450_E1,IL-2/STAT5 Signaling,0.3017774064272715
BC23450,BC23450_E1,IL-6/JAK/STAT3 Signaling,0.24645321753395383
BC23450,BC23450_E1,Inflammatory Response,0.15353478291829484
BC23450,BC23450_E1,Interferon Alpha Response,0.11180524567842297
BC23450,BC23450_E1,Interferon Gamma Response,0.2810947737693631
BC23450,BC23450_E1,KRAS Signaling Dn,0.16838718828583102
BC23450,BC23450_E1,KRAS Signaling Up,0.1140639159161561
BC23450,BC23450_E1,Mitotic Spindle,0.43361339956077066
BC23450,BC23450_E1,Myc Targets V1,0.5032556859429913
BC23450,BC23450_E1,Myc Targets V2,0.3476387561059701
BC23450,BC23450_E1,Myogenesis,0.12426933265660892
BC23450,BC23450_E1,Notch Signaling,0.21155398820679386
BC23450,BC23450_E1,Oxidative Phosphorylation,0.47211723648698356
BC23450,BC23450_E1,PI3K/AKT/mTOR  Signaling,0.35238364164799335
BC23450,BC23450_E1,Pancreas Beta Cells,0.14518896353931438
BC23450,BC23450_E1,Pperoxisome,0.4621727687932572
BC23450,BC23450_E1,Protein Secretion,0.4167413618068088
BC23450,BC23450_E1,Reactive Oxygen Species Pathway,0.3074361342420273
BC23450,BC23450_E1,Spermatogenesis,0.279412908931385
BC23450,BC23450_E1,TGF-beta Signaling,0.0976058122522047
BC23450,BC23450_E1,TNF-alpha Signaling via NF-kB,0.07462166359061945
BC23450,BC23450_E1,UV Response Dn,0.1796886644359417
BC23450,BC23450_E1,UV Response Up,0.3213050004399066
BC23450,BC23450_E1,Unfolded Protein Response,0.4146003184966506
BC23450,BC23450_E1,Wnt-beta Catenin Signaling,0.2194543547373908
BC23450,BC23450_E1,Xenobiotic Metabolism,0.3632612071755216
BC23450,BC23450_E1,heme Metabolism,0.3906193155279092
BC23450,BC23450_E1,mTORC1 Signaling,0.42575179178540673
BC23450,BC23450_E1,p53 Pathway,0.3171327494984391
BC23450,BC23450_E2,Adipogenesis,0.15930894841419446
BC23450,BC23450_E2,Allograft Rejection,0.1758081467409889
BC23450,BC23450_E2,Androgen Response,0.26422148382143684
BC23450,BC23450_E2,Angiogenesis,0.1092080498226432
BC23450,BC23450_E2,Apical Junction,0.2537787019493876
BC23450,BC23450_E2,Apical Surface,0.08213185505681976
BC23450,BC23450_E2,Apoptosis,0.11526737138587964
BC23450,BC23450_E2,Bile Acid Metabolism,0.14630623824528094
BC23450,BC23450_E2,Cholesterol Homeostasis,0.19216418391168846
BC23450,BC23450_E2,Coagulation,0.07576871320561143
BC23450,BC23450_E2,Complement,0.07620383503855697
BC23450,BC23450_E2,DNA Repair,0.2883269414801266
BC23450,BC23450_E2,E2F Targets,0.38064979707631286
BC23450,BC23450_E2,Epithelial Mesenchymal Transition,-0.03685864322197976
BC23450,BC23450_E2,Estrogen Response Early,0.27031119961327815
BC23450,BC23450_E2,Estrogen Response Late,0.2609007417921238
BC23450,BC23450_E2,Fatty Acid Metabolism,0.2708430564812927
BC23450,BC23450_E2,G2-M Checkpoint,0.3284666417860671
BC23450,BC23450_E2,Glycolysis,0.2094786636730543
BC23450,BC23450_E2,Hedgehog Signaling,0.12557258202645272
BC23450,BC23450_E2,Hypoxia,0.0748328141669299
BC23450,BC23450_E2,IL-2/STAT5 Signaling,0.1206187287774575
BC23450,BC23450_E2,IL-6/JAK/STAT3 Signaling,-0.08719125912203554
BC23450,BC23450_E2,Inflammatory Response,-0.013246450130303143
BC23450,BC23450_E2,Interferon Alpha Response,0.09709559856812097
BC23450,BC23450_E2,Interferon Gamma Response,0.04944198354923374
BC23450,BC23450_E2,KRAS Signaling Dn,0.08998063040192943
BC23450,BC23450_E2,KRAS Signaling Up,0.16180172534450024
BC23450,BC23450_E2,Mitotic Spindle,0.24774927686449136
BC23450,BC23450_E2,Myc Targets V1,0.34470084149470637
BC23450,BC23450_E2,Myc Targets V2,0.20725871494254552
BC23450,BC23450_E2,Myogenesis,0.019398933629932818
BC23450,BC23450_E2,Notch Signaling,0.1755325934766127
BC23450,BC23450_E2,Oxidative Phosphorylation,0.3282804497272018
BC23450,BC23450_E2,PI3K/AKT/mTOR  Signaling,0.3168935869234572
BC23450,BC23450_E2,Pancreas Beta Cells,0.05485750983527239
BC23450,BC23450_E2,Pperoxisome,0.2558613426815747
BC23450,BC23450_E2,Protein Secretion,0.2998343525968778
BC23450,BC23450_E2,Reactive Oxygen Species Pathway,0.2302500841375968
BC23450,BC23450_E2,Spermatogenesis,0.12838594538177153
BC23450,BC23450_E2,TGF-beta Signaling,0.140221093295957
BC23450,BC23450_E2,TNF-alpha Signaling via NF-kB,0.13058235084473832
BC23450,BC23450_E2,UV Response Dn,0.1540418303138586
BC23450,BC23450_E2,UV Response Up,0.2880474248605004
BC23450,BC23450_E2,Unfolded Protein Response,0.2945827025975977
BC23450,BC23450_E2,Wnt-beta Catenin Signaling,0.1185978942658978
BC23450,BC23450_E2,Xenobiotic Metabolism,0.18959844063465847
BC23450,BC23450_E2,heme Metabolism,0.22804988265620363
BC23450,BC23450_E2,mTORC1 Signaling,0.31089218462598117
BC23450,BC23450_E2,p53 Pathway,0.2185750438451881
BC23567,BC23567_D2,Adipogenesis,0.17082619910016703
BC23567,BC23567_D2,Allograft Rejection,0.08207261194568541
BC23567,BC23567_D2,Androgen Response,0.14662830076982553
BC23567,BC23567_D2,Angiogenesis,0.022251384028499393
BC23567,BC23567_D2,Apical Junction,0.10739719839632235
BC23567,BC23567_D2,Apical Surface,0.1321251465815386
BC23567,BC23567_D2,Apoptosis,0.026111540202538128
BC23567,BC23567_D2,Bile Acid Metabolism,0.08695287151510622
BC23567,BC23567_D2,Cholesterol Homeostasis,0.15955162163877507
BC23567,BC23567_D2,Coagulation,0.08538753581378965
BC23567,BC23567_D2,Complement,0.013032580816934513
BC23567,BC23567_D2,DNA Repair,0.11303007309237091
BC23567,BC23567_D2,E2F Targets,0.37648832011543265
BC23567,BC23567_D2,Epithelial Mesenchymal Transition,0.19623519688883212
BC23567,BC23567_D2,Estrogen Response Early,0.1592175978497107
BC23567,BC23567_D2,Estrogen Response Late,0.1618624324292686
BC23567,BC23567_D2,Fatty Acid Metabolism,0.2005669356590266
BC23567,BC23567_D2,G2-M Checkpoint,0.32622233421123015
BC23567,BC23567_D2,Glycolysis,0.1971409278323846
BC23567,BC23567_D2,Hedgehog Signaling,0.06840680960211902
BC23567,BC23567_D2,Hypoxia,0.09794546924297133
BC23567,BC23567_D2,IL-2/STAT5 Signaling,0.05719199929977562
BC23567,BC23567_D2,IL-6/JAK/STAT3 Signaling,0.09510152475873503
BC23567,BC23567_D2,Inflammatory Response,0.042859226225644385
BC23567,BC23567_D2,Interferon Alpha Response,0.13602330167349178
BC23567,BC23567_D2,Interferon Gamma Response,0.04238725015126324
BC23567,BC23567_D2,KRAS Signaling Dn,0.1998854458675753
BC23567,BC23567_D2,KRAS Signaling Up,0.0474872230683723
BC23567,BC23567_D2,Mitotic Spindle,0.24840485026106063
BC23567,BC23567_D2,Myc Targets V1,0.22672151386144382
BC23567,BC23567_D2,Myc Targets V2,0.10295582035656853
BC23567,BC23567_D2,Myogenesis,0.13335487355919132
BC23567,BC23567_D2,Notch Signaling,0.06694855326942847
BC23567,BC23567_D2,Oxidative Phosphorylation,0.1422956188023071
BC23567,BC23567_D2,PI3K/AKT/mTOR  Signaling,0.12320103896960186
BC23567,BC23567_D2,Pancreas Beta Cells,0.07544142742307855
BC23567,BC23567_D2,Pperoxisome,0.15769904679952512
BC23567,BC23567_D2,Protein Secretion,0.21810881429823592
BC23567,BC23567_D2,Reactive Oxygen Species Pathway,-0.05360723713533922
BC23567,BC23567_D2,Spermatogenesis,0.11845825795754983
BC23567,BC23567_D2,TGF-beta Signaling,0.10150435152892463
BC23567,BC23567_D2,TNF-alpha Signaling via NF-kB,0.0864044444169325
BC23567,BC23567_D2,UV Response Dn,0.10431342479246528
BC23567,BC23567_D2,UV Response Up,0.18152575972928095
BC23567,BC23567_D2,Unfolded Protein Response,0.1849551948371099
BC23567,BC23567_D2,Wnt-beta Catenin Signaling,-0.0006305775445560157
BC23567,BC23567_D2,Xenobiotic Metabolism,0.1787193169152255
BC23567,BC23567_D2,heme Metabolism,0.11926754617732238
BC23567,BC23567_D2,mTORC1 Signaling,0.18644359715570685
BC23567,BC23567_D2,p53 Pathway,0.0399513424337181
BC23567,BC23567_E1,Adipogenesis,0.13035474720674378
BC23567,BC23567_E1,Allograft Rejection,0.19403848706529367
BC23567,BC23567_E1,Androgen Response,0.22130912480383613
BC23567,BC23567_E1,Angiogenesis,0.13390390332696891
BC23567,BC23567_E1,Apical Junction,0.053784959067147975
BC23567,BC23567_E1,Apical Surface,0.07986941468968722
BC23567,BC23567_E1,Apoptosis,-0.0247773728532187
BC23567,BC23567_E1,Bile Acid Metabolism,0.12848098975443295
BC23567,BC23567_E1,Cholesterol Homeostasis,0.33130768449240006
BC23567,BC23567_E1,Coagulation,0.15963089132178576
BC23567,BC23567_E1,Complement,0.0015638974885665154
BC23567,BC23567_E1,DNA Repair,0.23437959668673258
BC23567,BC23567_E1,E2F Targets,0.40249476495127834
BC23567,BC23567_E1,Epithelial Mesenchymal Transition,0.3187785030246356
BC23567,BC23567_E1,Estrogen Response Early,0.115641134441738
BC23567,BC23567_E1,Estrogen Response Late,0.10150657730281945
BC23567,BC23567_E1,Fatty Acid Metabolism,0.21278966889794643
BC23567,BC23567_E1,G2-M Checkpoint,0.3379797103906079
BC23567,BC23567_E1,Glycolysis,0.08951749995535141
BC23567,BC23567_E1,Hedgehog Signaling,0.1113992629793478
BC23567,BC23567_E1,Hypoxia,-0.037019803321278945
BC23567,BC23567_E1,IL-2/STAT5 Signaling,0.05903962191553414
BC23567,BC23567_E1,IL-6/JAK/STAT3 Signaling,0.043729147743910034
BC23567,BC23567_E1,Inflammatory Response,0.04048750383541517
BC23567,BC23567_E1,Interferon Alpha Response,0.1019579274859463
BC23567,BC23567_E1,Interferon Gamma Response,0.12812204685980902
BC23567,BC23567_E1,KRAS Signaling Dn,0.045222749929045535
BC23567,BC23567_E1,KRAS Signaling Up,0.0726876189977741
BC23567,BC23567_E1,Mitotic Spindle,0.1998114508809152
BC23567,BC23567_E1,Myc Targets V1,0.2801235920088469
BC23567,BC23567_E1,Myc Targets V2,0.11264836432574793
BC23567,BC23567_E1,Myogenesis,0.00194121125832762
BC23567,BC23567_E1,Notch Signaling,0.17130938587570718
BC23567,BC23567_E1,Oxidative Phosphorylation,0.16441775412911577
BC23567,BC23567_E1,PI3K/AKT/mTOR  Signaling,0.16841789472797578
BC23567,BC23567_E1,Pancreas Beta Cells,0.029235683893804796
BC23567,BC23567_E1,Pperoxisome,0.16116907509800746
BC23567,BC23567_E1,Protein Secretion,0.24275209109852292
BC23567,BC23567_E1,Reactive Oxygen Species Pathway,0.048997787875835856
BC23567,BC23567_E1,Spermatogenesis,0.21102320412224107
BC23567,BC23567_E1,TGF-beta Signaling,0.024219634153019257
BC23567,BC23567_E1,TNF-alpha Signaling via NF-kB,-0.03146085257957545
BC23567,BC23567_E1,UV Response Dn,0.06431307059671489
BC23567,BC23567_E1,UV Response Up,0.09874384648622866
BC23567,BC23567_E1,Unfolded Protein Response,0.18952550893988668
BC23567,BC23567_E1,Wnt-beta Catenin Signaling,0.051655239435796974
BC23567,BC23567_E1,Xenobiotic Metabolism,0.10331852780930524
BC23567,BC23567_E1,heme Metabolism,0.10129023779042731
BC23567,BC23567_E1,mTORC1 Signaling,0.26853512880758673
BC23567,BC23567_E1,p53 Pathway,-0.02813967186701641
BC23567,BC23567_E2,Adipogenesis,0.15211949985239293
BC23567,BC23567_E2,Allograft Rejection,0.22468005970402105
BC23567,BC23567_E2,Androgen Response,0.2804403814931344
BC23567,BC23567_E2,Angiogenesis,0.07320082628099099
BC23567,BC23567_E2,Apical Junction,0.08573314290274196
BC23567,BC23567_E2,Apical Surface,0.10373993584089387
BC23567,BC23567_E2,Apoptosis,0.004156843684245979
BC23567,BC23567_E2,Bile Acid Metabolism,0.18255013259794747
BC23567,BC23567_E2,Cholesterol Homeostasis,0.20214056000673494
BC23567,BC23567_E2,Coagulation,0.2736975511981409
BC23567,BC23567_E2,Complement,0.11784933015150734
BC23567,BC23567_E2,DNA Repair,0.10559840945244822
BC23567,BC23567_E2,E2F Targets,0.37549429300811016
BC23567,BC23567_E2,Epithelial Mesenchymal Transition,0.3641107121696186
BC23567,BC23567_E2,Estrogen Response Early,0.08289242846958435
BC23567,BC23567_E2,Estrogen Response Late,0.12870658922891653
BC23567,BC23567_E2,Fatty Acid Metabolism,0.19732138382297557
BC23567,BC23567_E2,G2-M Checkpoint,0.3322076137871033
BC23567,BC23567_E2,Glycolysis,0.08344349583692551
BC23567,BC23567_E2,Hedgehog Signaling,0.07896617185304142
BC23567,BC23567_E2,Hypoxia,0.10196888432440461
BC23567,BC23567_E2,IL-2/STAT5 Signaling,0.09445386411762904
BC23567,BC23567_E2,IL-6/JAK/STAT3 Signaling,0.06984047904273982
BC23567,BC23567_E2,Inflammatory Response,0.14538790034772836
BC23567,BC23567_E2,Interferon Alpha Response,0.09256453978493846
BC23567,BC23567_E2,Interferon Gamma Response,0.04731341370666602
BC23567,BC23567_E2,KRAS Signaling Dn,0.07759834477465669
BC23567,BC23567_E2,KRAS Signaling Up,0.15346057321129572
BC23567,BC23567_E2,Mitotic Spindle,0.21133279827437643
BC23567,BC23567_E2,Myc Targets V1,0.22861312178464926
BC23567,BC23567_E2,Myc Targets V2,0.07391736083084059
BC23567,BC23567_E2,Myogenesis,0.10400869587267679
BC23567,BC23567_E2,Notch Signaling,0.08280749649954348
BC23567,BC23567_E2,Oxidative Phosphorylation,0.1306899270762953
BC23567,BC23567_E2,PI3K/AKT/mTOR  Signaling,0.20430698743796516
BC23567,BC23567_E2,Pancreas Beta Cells,0.12317048239775212
BC23567,BC23567_E2,Pperoxisome,0.14967953581371543
BC23567,BC23567_E2,Protein Secretion,0.2887915676967646
BC23567,BC23567_E2,Reactive Oxygen Species Pathway,0.012448843593929356
BC23567,BC23567_E2,Spermatogenesis,0.1425415350560665
BC23567,BC23567_E2,TGF-beta Signaling,0.087874355352351
BC23567,BC23567_E2,TNF-alpha Signaling via NF-kB,0.07694411780814335
BC23567,BC23567_E2,UV Response Dn,0.1480902314365174
BC23567,BC23567_E2,UV Response Up,0.12151773855097799
BC23567,BC23567_E2,Unfolded Protein Response,0.13315372088783617
BC23567,BC23567_E2,Wnt-beta Catenin Signaling,-0.004354943290727087
BC23567,BC23567_E2,Xenobiotic Metabolism,0.1577697631877001
BC23567,BC23567_E2,heme Metabolism,0.08662026781935644
BC23567,BC23567_E2,mTORC1 Signaling,0.23206421042697303
BC23567,BC23567_E2,p53 Pathway,-0.0022746523471291018
BC23810,BC23810_D2,Adipogenesis,0.07426359806434758
BC23810,BC23810_D2,Allograft Rejection,0.44238197463412604
BC23810,BC23810_D2,Androgen Response,0.23538466517757656
BC23810,BC23810_D2,Angiogenesis,0.040276604195889146
BC23810,BC23810_D2,Apical Junction,0.05613894441183034
BC23810,BC23810_D2,Apical Surface,0.052058433475489635
BC23810,BC23810_D2,Apoptosis,0.04301573738665535
BC23810,BC23810_D2,Bile Acid Metabolism,0.08017257730394788
BC23810,BC23810_D2,Cholesterol Homeostasis,0.2109830082226476
BC23810,BC23810_D2,Coagulation,0.20919188191634566
BC23810,BC23810_D2,Complement,0.1603334350856464
BC23810,BC23810_D2,DNA Repair,0.09822484932648295
BC23810,BC23810_D2,E2F Targets,0.19296166426698508
BC23810,BC23810_D2,Epithelial Mesenchymal Transition,0.20710363767048473
BC23810,BC23810_D2,Estrogen Response Early,0.08092339921225393
BC23810,BC23810_D2,Estrogen Response Late,0.09528808127452303
BC23810,BC23810_D2,Fatty Acid Metabolism,0.1308456807997471
BC23810,BC23810_D2,G2-M Checkpoint,0.275370529739105
BC23810,BC23810_D2,Glycolysis,0.17842199202688713
BC23810,BC23810_D2,Hedgehog Signaling,0.055189149370360596
BC23810,BC23810_D2,Hypoxia,0.028144635407637886
BC23810,BC23810_D2,IL-2/STAT5 Signaling,0.06395727954081314
BC23810,BC23810_D2,IL-6/JAK/STAT3 Signaling,0.122089806509307
BC23810,BC23810_D2,Inflammatory Response,0.16364778538380848
BC23810,BC23810_D2,Interferon Alpha Response,0.1799553296834562
BC23810,BC23810_D2,Interferon Gamma Response,0.331883020880544
BC23810,BC23810_D2,KRAS Signaling Dn,0.02411951919751909
BC23810,BC23810_D2,KRAS Signaling Up,0.09760672987949136
BC23810,BC23810_D2,Mitotic Spindle,0.17604320188960715
BC23810,BC23810_D2,Myc Targets V1,0.17152689226018059
BC23810,BC23810_D2,Myc Targets V2,0.08463677981793158
BC23810,BC23810_D2,Myogenesis,0.010171967222534349
BC23810,BC23810_D2,Notch Signaling,0.05180054147897459
BC23810,BC23810_D2,Oxidative Phosphorylation,0.10586036808532098
BC23810,BC23810_D2,PI3K/AKT/mTOR  Signaling,0.07047445663780703
BC23810,BC23810_D2,Pancreas Beta Cells,0.04801303118743222
BC23810,BC23810_D2,Pperoxisome,0.17437052648077841
BC23810,BC23810_D2,Protein Secretion,0.21044446801460046
BC23810,BC23810_D2,Reactive Oxygen Species Pathway,0.012351233451677726
BC23810,BC23810_D2,Spermatogenesis,0.1456625887601697
BC23810,BC23810_D2,TGF-beta Signaling,0.07167527242722291
BC23810,BC23810_D2,TNF-alpha Signaling via NF-kB,0.08483881022746757
BC23810,BC23810_D2,UV Response Dn,0.1226058292347777
BC23810,BC23810_D2,UV Response Up,0.03097484814170866
BC23810,BC23810_D2,Unfolded Protein Response,0.10604767256675467
BC23810,BC23810_D2,Wnt-beta Catenin Signaling,0.009044925660560399
BC23810,BC23810_D2,Xenobiotic Metabolism,0.09696340136763554
BC23810,BC23810_D2,heme Metabolism,0.07072585918036668
BC23810,BC23810_D2,mTORC1 Signaling,0.21328698897252868
BC23810,BC23810_D2,p53 Pathway,0.031554344896952524
BC23810,BC23810_E1,Adipogenesis,0.1686003647068856
BC23810,BC23810_E1,Allograft Rejection,0.3998148241583199
BC23810,BC23810_E1,Androgen Response,0.11687034029413147
BC23810,BC23810_E1,Angiogenesis,-0.00045983754131675444
BC23810,BC23810_E1,Apical Junction,0.05737869374955804
BC23810,BC23810_E1,Apical Surface,0.031778064699525745
BC23810,BC23810_E1,Apoptosis,0.011970802420873127
BC23810,BC23810_E1,Bile Acid Metabolism,0.029258607259248316
BC23810,BC23810_E1,Cholesterol Homeostasis,0.22919342120854827
BC23810,BC23810_E1,Coagulation,0.18709338011839155
BC23810,BC23810_E1,Complement,0.10951501846628496
BC23810,BC23810_E1,DNA Repair,0.11815367212476592
BC23810,BC23810_E1,E2F Targets,0.26090794517531113
BC23810,BC23810_E1,Epithelial Mesenchymal Transition,0.18936649611186435
BC23810,BC23810_E1,Estrogen Response Early,0.07127534126240254
BC23810,BC23810_E1,Estrogen Response Late,0.10214246963419604
BC23810,BC23810_E1,Fatty Acid Metabolism,0.1670156335921757
BC23810,BC23810_E1,G2-M Checkpoint,0.2630356936902567
BC23810,BC23810_E1,Glycolysis,0.15462020523546263
BC23810,BC23810_E1,Hedgehog Signaling,0.06730541073566733
BC23810,BC23810_E1,Hypoxia,0.06325207077402077
BC23810,BC23810_E1,IL-2/STAT5 Signaling,0.10372876612512896
BC23810,BC23810_E1,IL-6/JAK/STAT3 Signaling,0.09800853776087244
BC23810,BC23810_E1,Inflammatory Response,0.15722348454636761
BC23810,BC23810_E1,Interferon Alpha Response,0.20768827419008512
BC23810,BC23810_E1,Interferon Gamma Response,0.2719268952896242
BC23810,BC23810_E1,KRAS Signaling Dn,-0.0030151086181795066
BC23810,BC23810_E1,KRAS Signaling Up,0.08806287678375639
BC23810,BC23810_E1,Mitotic Spindle,0.20611009641496272
BC23810,BC23810_E1,Myc Targets V1,0.17223542475922904
BC23810,BC23810_E1,Myc Targets V2,0.13247862691388626
BC23810,BC23810_E1,Myogenesis,0.09329444733297527
BC23810,BC23810_E1,Notch Signaling,0.01233522220047327
BC23810,BC23810_E1,Oxidative Phosphorylation,0.083363095126656
BC23810,BC23810_E1,PI3K/AKT/mTOR  Signaling,0.10385479235811099
BC23810,BC23810_E1,Pancreas Beta Cells,0.0785225787761976
BC23810,BC23810_E1,Pperoxisome,0.1081109566399837
BC23810,BC23810_E1,Protein Secretion,0.17475764583290437
BC23810,BC23810_E1,Reactive Oxygen Species Pathway,0.02859789733623436
BC23810,BC23810_E1,Spermatogenesis,0.10184653579750497
BC23810,BC23810_E1,TGF-beta Signaling,0.0829253172825411
BC23810,BC23810_E1,TNF-alpha Signaling via NF-kB,0.05441126416899622
BC23810,BC23810_E1,UV Response Dn,0.1555727181347211
BC23810,BC23810_E1,UV Response Up,0.045811301915990886
BC23810,BC23810_E1,Unfolded Protein Response,0.16131227389545547
BC23810,BC23810_E1,Wnt-beta Catenin Signaling,0.09687705825227105
BC23810,BC23810_E1,Xenobiotic Metabolism,0.07858643424289334
BC23810,BC23810_E1,heme Metabolism,0.08857682098315715
BC23810,BC23810_E1,mTORC1 Signaling,0.20263743841426654
BC23810,BC23810_E1,p53 Pathway,0.0894455293492034
BC23810,BC23810_E2,Adipogenesis,0.11662581357398956
BC23810,BC23810_E2,Allograft Rejection,0.44858370174331147
BC23810,BC23810_E2,Androgen Response,0.1526574690464337
BC23810,BC23810_E2,Angiogenesis,-0.006990275564147494
BC23810,BC23810_E2,Apical Junction,0.10712072330609411
BC23810,BC23810_E2,Apical Surface,0.023122279966866402
BC23810,BC23810_E2,Apoptosis,0.023923540908578133
BC23810,BC23810_E2,Bile Acid Metabolism,0.14025696858165962
BC23810,BC23810_E2,Cholesterol Homeostasis,0.1307790258576938
BC23810,BC23810_E2,Coagulation,0.18162214614862793
BC23810,BC23810_E2,Complement,0.13872964494217144
BC23810,BC23810_E2,DNA Repair,0.015868779379727006
BC23810,BC23810_E2,E2F Targets,0.22291788950340796
BC23810,BC23810_E2,Epithelial Mesenchymal Transition,0.17920214877294774
BC23810,BC23810_E2,Estrogen Response Early,0.10147931007527781
BC23810,BC23810_E2,Estrogen Response Late,0.07617912593892985
BC23810,BC23810_E2,Fatty Acid Metabolism,0.19064240423292036
BC23810,BC23810_E2,G2-M Checkpoint,0.2798281900147206
BC23810,BC23810_E2,Glycolysis,0.16285719341203034
BC23810,BC23810_E2,Hedgehog Signaling,0.033672437859625357
BC23810,BC23810_E2,Hypoxia,0.0970333703590588
BC23810,BC23810_E2,IL-2/STAT5 Signaling,0.14927302613739463
BC23810,BC23810_E2,IL-6/JAK/STAT3 Signaling,0.13756831257548782
BC23810,BC23810_E2,Inflammatory Response,0.15785141121091495
BC23810,BC23810_E2,Interferon Alpha Response,0.20993251558306375
BC23810,BC23810_E2,Interferon Gamma Response,0.2857748524986525
BC23810,BC23810_E2,KRAS Signaling Dn,0.07406653076507527
BC23810,BC23810_E2,KRAS Signaling Up,0.15663838130386987
BC23810,BC23810_E2,Mitotic Spindle,0.1344947603061546
BC23810,BC23810_E2,Myc Targets V1,0.17207751213051656
BC23810,BC23810_E2,Myc Targets V2,0.10519594259892022
BC23810,BC23810_E2,Myogenesis,0.06588276509230605
BC23810,BC23810_E2,Notch Signaling,0.0901886322365056
BC23810,BC23810_E2,Oxidative Phosphorylation,0.07920964739167874
BC23810,BC23810_E2,PI3K/AKT/mTOR  Signaling,0.07246821696197835
BC23810,BC23810_E2,Pancreas Beta Cells,-0.02562369402817004
BC23810,BC23810_E2,Pperoxisome,0.17948018282382106
BC23810,BC23810_E2,Protein Secretion,0.2230749270803539
BC23810,BC23810_E2,Reactive Oxygen Species Pathway,0.06461446033710395
BC23810,BC23810_E2,Spermatogenesis,0.11392076403143661
BC23810,BC23810_E2,TGF-beta Signaling,0.08153646405277086
BC23810,BC23810_E2,TNF-alpha Signaling via NF-kB,0.0599570768653169
BC23810,BC23810_E2,UV Response Dn,0.12482480042715824
BC23810,BC23810_E2,UV Response Up,0.04086948645034037
BC23810,BC23810_E2,Unfolded Protein Response,0.091580047009533
BC23810,BC23810_E2,Wnt-beta Catenin Signaling,0.05289929582078233
BC23810,BC23810_E2,Xenobiotic Metabolism,0.09532773528889799
BC23810,BC23810_E2,heme Metabolism,0.0738937090602571
BC23810,BC23810_E2,mTORC1 Signaling,0.1735227758637543
BC23810,BC23810_E2,p53 Pathway,-0.009468879957666458
BC23901,BC23901_C2,Adipogenesis,0.40058994499053907
BC23901,BC23901_C2,Allograft Rejection,0.33627202137914153
BC23901,BC23901_C2,Androgen Response,0.42223745075711955
BC23901,BC23901_C2,Angiogenesis,0.05593758513022077
BC23901,BC23901_C2,Apical Junction,0.2769594979864038
BC23901,BC23901_C2,Apical Surface,0.22650196709053758
BC23901,BC23901_C2,Apoptosis,0.3012449509557087
BC23901,BC23901_C2,Bile Acid Metabolism,0.3337918313037693
BC23901,BC23901_C2,Cholesterol Homeostasis,0.3085183499100992
BC23901,BC23901_C2,Coagulation,0.08356871038362751
BC23901,BC23901_C2,Complement,0.36232497583057666
BC23901,BC23901_C2,DNA Repair,0.5484994347189602
BC23901,BC23901_C2,E2F Targets,0.5724503927151536
BC23901,BC23901_C2,Epithelial Mesenchymal Transition,0.1370358350529203
BC23901,BC23901_C2,Estrogen Response Early,0.4305871898232805
BC23901,BC23901_C2,Estrogen Response Late,0.49236570691070203
BC23901,BC23901_C2,Fatty Acid Metabolism,0.44647503940292055
BC23901,BC23901_C2,G2-M Checkpoint,0.6090481105212212
BC23901,BC23901_C2,Glycolysis,0.2604184858799642
BC23901,BC23901_C2,Hedgehog Signaling,0.12973130263788862
BC23901,BC23901_C2,Hypoxia,0.08589833107076046
BC23901,BC23901_C2,IL-2/STAT5 Signaling,0.4127931747566135
BC23901,BC23901_C2,IL-6/JAK/STAT3 Signaling,0.2700446808439339
BC23901,BC23901_C2,Inflammatory Response,0.20516889757096743
BC23901,BC23901_C2,Interferon Alpha Response,0.27405310975294267
BC23901,BC23901_C2,Interferon Gamma Response,0.3606410389588775
BC23901,BC23901_C2,KRAS Signaling Dn,0.26754359677520934
BC23901,BC23901_C2,KRAS Signaling Up,0.28894691690629887
BC23901,BC23901_C2,Mitotic Spindle,0.6333059092084108
BC23901,BC23901_C2,Myc Targets V1,0.5580848420757926
BC23901,BC23901_C2,Myc Targets V2,0.3725910594687031
BC23901,BC23901_C2,Myogenesis,0.15112754246560245
BC23901,BC23901_C2,Notch Signaling,0.35686407784806545
BC23901,BC23901_C2,Oxidative Phosphorylation,0.4460342848926329
BC23901,BC23901_C2,PI3K/AKT/mTOR  Signaling,0.39014464235435214
BC23901,BC23901_C2,Pancreas Beta Cells,0.1727871717155173
BC23901,BC23901_C2,Pperoxisome,0.42850287259772557
BC23901,BC23901_C2,Protein Secretion,0.5502615659489078
BC23901,BC23901_C2,Reactive Oxygen Species Pathway,0.31066951825538686
BC23901,BC23901_C2,Spermatogenesis,0.458447072291029
BC23901,BC23901_C2,TGF-beta Signaling,0.2826460602357898
BC23901,BC23901_C2,TNF-alpha Signaling via NF-kB,0.29229854553536944
BC23901,BC23901_C2,UV Response Dn,0.3359844414805656
BC23901,BC23901_C2,UV Response Up,0.3361190364070934
BC23901,BC23901_C2,Unfolded Protein Response,0.48225856870942285
BC23901,BC23901_C2,Wnt-beta Catenin Signaling,0.40059529655725135
BC23901,BC23901_C2,Xenobiotic Metabolism,0.5024794084934503
BC23901,BC23901_C2,heme Metabolism,0.5028258385259828
BC23901,BC23901_C2,mTORC1 Signaling,0.5025264780105019
BC23901,BC23901_C2,p53 Pathway,0.4226214188198851
BC23901,BC23901_D1,Adipogenesis,0.428315589700786
BC23901,BC23901_D1,Allograft Rejection,0.4508953920044373
BC23901,BC23901_D1,Androgen Response,0.4645364756011348
BC23901,BC23901_D1,Angiogenesis,0.07664812685594558
BC23901,BC23901_D1,Apical Junction,0.31632851889060265
BC23901,BC23901_D1,Apical Surface,0.21386186432260668
BC23901,BC23901_D1,Apoptosis,0.45021335185497036
BC23901,BC23901_D1,Bile Acid Metabolism,0.40903866668635824
BC23901,BC23901_D1,Cholesterol Homeostasis,0.44031028348751594
BC23901,BC23901_D1,Coagulation,0.22470822162103546
BC23901,BC23901_D1,Complement,0.4524157442431077
BC23901,BC23901_D1,DNA Repair,0.5357598387011944
BC23901,BC23901_D1,E2F Targets,0.651134590180194
BC23901,BC23901_D1,Epithelial Mesenchymal Transition,0.09906309594821862
BC23901,BC23901_D1,Estrogen Response Early,0.4658779660527026
BC23901,BC23901_D1,Estrogen Response Late,0.49205406208105057
BC23901,BC23901_D1,Fatty Acid Metabolism,0.5243453169015235
BC23901,BC23901_D1,G2-M Checkpoint,0.6905069776369945
BC23901,BC23901_D1,Glycolysis,0.3663105394274526
BC23901,BC23901_D1,Hedgehog Signaling,0.05112135175234386
BC23901,BC23901_D1,Hypoxia,0.20109301802275162
BC23901,BC23901_D1,IL-2/STAT5 Signaling,0.49644868364180345
BC23901,BC23901_D1,IL-6/JAK/STAT3 Signaling,0.33831641425882686
BC23901,BC23901_D1,Inflammatory Response,0.31424909796182476
BC23901,BC23901_D1,Interferon Alpha Response,0.3188502964806172
BC23901,BC23901_D1,Interferon Gamma Response,0.4096977185057162
BC23901,BC23901_D1,KRAS Signaling Dn,0.35260846690011033
BC23901,BC23901_D1,KRAS Signaling Up,0.32566498242120684
BC23901,BC23901_D1,Mitotic Spindle,0.5873487344444221
BC23901,BC23901_D1,Myc Targets V1,0.5982073085077283
BC23901,BC23901_D1,Myc Targets V2,0.4401090102832318
BC23901,BC23901_D1,Myogenesis,0.2139114671132295
BC23901,BC23901_D1,Notch Signaling,0.42696330497521207
BC23901,BC23901_D1,Oxidative Phosphorylation,0.4858003450666364
BC23901,BC23901_D1,PI3K/AKT/mTOR  Signaling,0.5245715581618011
BC23901,BC23901_D1,Pancreas Beta Cells,0.1758773491622053
BC23901,BC23901_D1,Pperoxisome,0.49503001678539316
BC23901,BC23901_D1,Protein Secretion,0.5330125335132936
BC23901,BC23901_D1,Reactive Oxygen Species Pathway,0.3708962424171332
BC23901,BC23901_D1,Spermatogenesis,0.3775877072051966
BC23901,BC23901_D1,TGF-beta Signaling,0.31048999868935107
BC23901,BC23901_D1,TNF-alpha Signaling via NF-kB,0.45675285140722843
BC23901,BC23901_D1,UV Response Dn,0.33978730910602983
BC23901,BC23901_D1,UV Response Up,0.5255317270112025
BC23901,BC23901_D1,Unfolded Protein Response,0.5859726754709476
BC23901,BC23901_D1,Wnt-beta Catenin Signaling,0.4181682929360906
BC23901,BC23901_D1,Xenobiotic Metabolism,0.5284868536394914
BC23901,BC23901_D1,heme Metabolism,0.5095111317697398
BC23901,BC23901_D1,mTORC1 Signaling,0.5459197044676485
BC23901,BC23901_D1,p53 Pathway,0.4544720257370921
BC23903,BC23903_C1,Adipogenesis,0.6533932953911037
BC23903,BC23903_C1,Allograft Rejection,0.5120634934731841
BC23903,BC23903_C1,Androgen Response,0.6552472341484689
BC23903,BC23903_C1,Angiogenesis,0.4862089841624923
BC23903,BC23903_C1,Apical Junction,0.6110612800014269
BC23903,BC23903_C1,Apical Surface,0.4596703576023614
BC23903,BC23903_C1,Apoptosis,0.6645275625064239
BC23903,BC23903_C1,Bile Acid Metabolism,0.5230999105268779
BC23903,BC23903_C1,Cholesterol Homeostasis,0.6836186429909421
BC23903,BC23903_C1,Coagulation,0.5685840722394452
BC23903,BC23903_C1,Complement,0.6222151291766282
BC23903,BC23903_C1,DNA Repair,0.6160883472571548
BC23903,BC23903_C1,E2F Targets,0.7268069585356347
BC23903,BC23903_C1,Epithelial Mesenchymal Transition,0.6613687833870834
BC23903,BC23903_C1,Estrogen Response Early,0.5072835165882771
BC23903,BC23903_C1,Estrogen Response Late,0.5922424749014721
BC23903,BC23903_C1,Fatty Acid Metabolism,0.6465082373119636
BC23903,BC23903_C1,G2-M Checkpoint,0.7687501657506575
BC23903,BC23903_C1,Glycolysis,0.7631536746523123
BC23903,BC23903_C1,Hedgehog Signaling,0.3966487917742745
BC23903,BC23903_C1,Hypoxia,0.6680477603829382
BC23903,BC23903_C1,IL-2/STAT5 Signaling,0.6403252857496401
BC23903,BC23903_C1,IL-6/JAK/STAT3 Signaling,0.5407866584782497
BC23903,BC23903_C1,Inflammatory Response,0.5943075559366466
BC23903,BC23903_C1,Interferon Alpha Response,0.3207722651702679
BC23903,BC23903_C1,Interferon Gamma Response,0.506544062758912
BC23903,BC23903_C1,KRAS Signaling Dn,0.38888326797420936
BC23903,BC23903_C1,KRAS Signaling Up,0.5696166652721684
BC23903,BC23903_C1,Mitotic Spindle,0.7050138775173671
BC23903,BC23903_C1,Myc Targets V1,0.7435431006487487
BC23903,BC23903_C1,Myc Targets V2,0.49190446265736937
BC23903,BC23903_C1,Myogenesis,0.5809498467887207
BC23903,BC23903_C1,Notch Signaling,0.37408335719530383
BC23903,BC23903_C1,Oxidative Phosphorylation,0.6862347360554751
BC23903,BC23903_C1,PI3K/AKT/mTOR  Signaling,0.623945380100894
BC23903,BC23903_C1,Pancreas Beta Cells,0.37279629674084425
BC23903,BC23903_C1,Pperoxisome,0.6468201193844356
BC23903,BC23903_C1,Protein Secretion,0.68514296237501
BC23903,BC23903_C1,Reactive Oxygen Species Pathway,0.599011940090205
BC23903,BC23903_C1,Spermatogenesis,0.47839434895147404
BC23903,BC23903_C1,TGF-beta Signaling,0.5449296526000081
BC23903,BC23903_C1,TNF-alpha Signaling via NF-kB,0.648915147684386
BC23903,BC23903_C1,UV Response Dn,0.6651795897391938
BC23903,BC23903_C1,UV Response Up,0.6552314116911885
BC23903,BC23903_C1,Unfolded Protein Response,0.736028250791443
BC23903,BC23903_C1,Wnt-beta Catenin Signaling,0.3407053931090588
BC23903,BC23903_C1,Xenobiotic Metabolism,0.6452803454827161
BC23903,BC23903_C1,heme Metabolism,0.6628759440098598
BC23903,BC23903_C1,mTORC1 Signaling,0.7706930509443882
BC23903,BC23903_C1,p53 Pathway,0.6612770486507488
BC23903,BC23903_C2,Adipogenesis,0.6391729682897677
BC23903,BC23903_C2,Allograft Rejection,0.5265049683373962
BC23903,BC23903_C2,Androgen Response,0.6785762750909639
BC23903,BC23903_C2,Angiogenesis,0.5053140369472077
BC23903,BC23903_C2,Apical Junction,0.6041184999965673
BC23903,BC23903_C2,Apical Surface,0.4833821178739401
BC23903,BC23903_C2,Apoptosis,0.6163604564122096
BC23903,BC23903_C2,Bile Acid Metabolism,0.5143796623701726
BC23903,BC23903_C2,Cholesterol Homeostasis,0.6275609818972809
BC23903,BC23903_C2,Coagulation,0.5632493106096772
BC23903,BC23903_C2,Complement,0.6461896642619254
BC23903,BC23903_C2,DNA Repair,0.6409602263290457
BC23903,BC23903_C2,E2F Targets,0.7220631696150047
BC23903,BC23903_C2,Epithelial Mesenchymal Transition,0.625697662831294
BC23903,BC23903_C2,Estrogen Response Early,0.5467493365878303
BC23903,BC23903_C2,Estrogen Response Late,0.6055916335321626
BC23903,BC23903_C2,Fatty Acid Metabolism,0.6761934161548321
BC23903,BC23903_C2,G2-M Checkpoint,0.7063611512061476
BC23903,BC23903_C2,Glycolysis,0.76303799780012
BC23903,BC23903_C2,Hedgehog Signaling,0.45970480699533556
BC23903,BC23903_C2,Hypoxia,0.659245863368212
BC23903,BC23903_C2,IL-2/STAT5 Signaling,0.6188188923258787
BC23903,BC23903_C2,IL-6/JAK/STAT3 Signaling,0.47848231813948455
BC23903,BC23903_C2,Inflammatory Response,0.5436978232832921
BC23903,BC23903_C2,Interferon Alpha Response,0.3155535147117193
BC23903,BC23903_C2,Interferon Gamma Response,0.5176150367642204
BC23903,BC23903_C2,KRAS Signaling Dn,0.3089227759006426
BC23903,BC23903_C2,KRAS Signaling Up,0.5980034413505275
BC23903,BC23903_C2,Mitotic Spindle,0.6665304444739104
BC23903,BC23903_C2,Myc Targets V1,0.7464698802734802
BC23903,BC23903_C2,Myc Targets V2,0.5196937791262819
BC23903,BC23903_C2,Myogenesis,0.5725141657700795
BC23903,BC23903_C2,Notch Signaling,0.46805646603663315
BC23903,BC23903_C2,Oxidative Phosphorylation,0.674291929600441
BC23903,BC23903_C2,PI3K/AKT/mTOR  Signaling,0.6357904260153184
BC23903,BC23903_C2,Pancreas Beta Cells,0.20430033135675688
BC23903,BC23903_C2,Pperoxisome,0.6293385111099201
BC23903,BC23903_C2,Protein Secretion,0.7144119151064623
BC23903,BC23903_C2,Reactive Oxygen Species Pathway,0.5635576744963666
BC23903,BC23903_C2,Spermatogenesis,0.4577652597935309
BC23903,BC23903_C2,TGF-beta Signaling,0.5855003305453481
BC23903,BC23903_C2,TNF-alpha Signaling via NF-kB,0.6011082229905782
BC23903,BC23903_C2,UV Response Dn,0.5965760207641382
BC23903,BC23903_C2,UV Response Up,0.6771702791909867
BC23903,BC23903_C2,Unfolded Protein Response,0.7280686395931982
BC23903,BC23903_C2,Wnt-beta Catenin Signaling,0.3443063791748381
BC23903,BC23903_C2,Xenobiotic Metabolism,0.5940064023220396
BC23903,BC23903_C2,heme Metabolism,0.6404966111638012
BC23903,BC23903_C2,mTORC1 Signaling,0.777825196299698
BC23903,BC23903_C2,p53 Pathway,0.6279934214123212
BC23903,BC23903_D1,Adipogenesis,0.6608166268571671
BC23903,BC23903_D1,Allograft Rejection,0.5958603046044165
BC23903,BC23903_D1,Androgen Response,0.6912411270568025
BC23903,BC23903_D1,Angiogenesis,0.4397502501842533
BC23903,BC23903_D1,Apical Junction,0.6477313718536104
BC23903,BC23903_D1,Apical Surface,0.4823414328223126
BC23903,BC23903_D1,Apoptosis,0.6167003479237021
BC23903,BC23903_D1,Bile Acid Metabolism,0.537027920690334
BC23903,BC23903_D1,Cholesterol Homeostasis,0.6193964294344915
BC23903,BC23903_D1,Coagulation,0.5673288249219157
BC23903,BC23903_D1,Complement,0.6556383483099367
BC23903,BC23903_D1,DNA Repair,0.6207466007730132
BC23903,BC23903_D1,E2F Targets,0.7294974232260747
BC23903,BC23903_D1,Epithelial Mesenchymal Transition,0.5919024528125206
BC23903,BC23903_D1,Estrogen Response Early,0.5320714091512257
BC23903,BC23903_D1,Estrogen Response Late,0.6152247264419142
BC23903,BC23903_D1,Fatty Acid Metabolism,0.6444170510611632
BC23903,BC23903_D1,G2-M Checkpoint,0.7304851730213502
BC23903,BC23903_D1,Glycolysis,0.7434683559880636
BC23903,BC23903_D1,Hedgehog Signaling,0.40969337861435634
BC23903,BC23903_D1,Hypoxia,0.65122138669251
BC23903,BC23903_D1,IL-2/STAT5 Signaling,0.6385973490420257
BC23903,BC23903_D1,IL-6/JAK/STAT3 Signaling,0.5446315306425408
BC23903,BC23903_D1,Inflammatory Response,0.5661426013216851
BC23903,BC23903_D1,Interferon Alpha Response,0.38763138449130946
BC23903,BC23903_D1,Interferon Gamma Response,0.5713271401518726
BC23903,BC23903_D1,KRAS Signaling Dn,0.434751682456017
BC23903,BC23903_D1,KRAS Signaling Up,0.5788451455554418
BC23903,BC23903_D1,Mitotic Spindle,0.7004051739588152
BC23903,BC23903_D1,Myc Targets V1,0.7344841098204169
BC23903,BC23903_D1,Myc Targets V2,0.5388862166951055
BC23903,BC23903_D1,Myogenesis,0.5898570590810005
BC23903,BC23903_D1,Notch Signaling,0.47233356258913933
BC23903,BC23903_D1,Oxidative Phosphorylation,0.7116899403692721
BC23903,BC23903_D1,PI3K/AKT/mTOR  Signaling,0.664790475934157
BC23903,BC23903_D1,Pancreas Beta Cells,0.3443769744983363
BC23903,BC23903_D1,Pperoxisome,0.6036458960019855
BC23903,BC23903_D1,Protein Secretion,0.6935462235480244
BC23903,BC23903_D1,Reactive Oxygen Species Pathway,0.6134308060698151
BC23903,BC23903_D1,Spermatogenesis,0.44189893502599675
BC23903,BC23903_D1,TGF-beta Signaling,0.5604593185631931
BC23903,BC23903_D1,TNF-alpha Signaling via NF-kB,0.6033214422883868
BC23903,BC23903_D1,UV Response Dn,0.5942691543900563
BC23903,BC23903_D1,UV Response Up,0.6715006665261571
BC23903,BC23903_D1,Unfolded Protein Response,0.7508188409940821
BC23903,BC23903_D1,Wnt-beta Catenin Signaling,0.43645745077309983
BC23903,BC23903_D1,Xenobiotic Metabolism,0.6630733553958593
BC23903,BC23903_D1,heme Metabolism,0.6929633638375312
BC23903,BC23903_D1,mTORC1 Signaling,0.7424571800811761
BC23903,BC23903_D1,p53 Pathway,0.6342193210901333
BC23944,BC23944_D2,Adipogenesis,0.2949111381628046
BC23944,BC23944_D2,Allograft Rejection,0.2650684505634614
BC23944,BC23944_D2,Androgen Response,0.32920415339376324
BC23944,BC23944_D2,Angiogenesis,0.13281866557920505
BC23944,BC23944_D2,Apical Junction,0.28710299899662817
BC23944,BC23944_D2,Apical Surface,0.18860793227368594
BC23944,BC23944_D2,Apoptosis,0.2512301506445076
BC23944,BC23944_D2,Bile Acid Metabolism,0.25039252972037856
BC23944,BC23944_D2,Cholesterol Homeostasis,0.3448257831334777
BC23944,BC23944_D2,Coagulation,0.30606945659282814
BC23944,BC23944_D2,Complement,0.25999430360452763
BC23944,BC23944_D2,DNA Repair,0.4740484111379203
BC23944,BC23944_D2,E2F Targets,0.5149995688037395
BC23944,BC23944_D2,Epithelial Mesenchymal Transition,0.25291312704346763
BC23944,BC23944_D2,Estrogen Response Early,0.35918017028671057
BC23944,BC23944_D2,Estrogen Response Late,0.3761739305105667
BC23944,BC23944_D2,Fatty Acid Metabolism,0.3057328381546005
BC23944,BC23944_D2,G2-M Checkpoint,0.45945820840691687
BC23944,BC23944_D2,Glycolysis,0.39023354714503683
BC23944,BC23944_D2,Hedgehog Signaling,0.14799640445956252
BC23944,BC23944_D2,Hypoxia,0.2624064982843804
BC23944,BC23944_D2,IL-2/STAT5 Signaling,0.36991248023813456
BC23944,BC23944_D2,IL-6/JAK/STAT3 Signaling,0.16263062246735596
BC23944,BC23944_D2,Inflammatory Response,0.24255175312828703
BC23944,BC23944_D2,Interferon Alpha Response,0.2819053456379784
BC23944,BC23944_D2,Interferon Gamma Response,0.30793079604810447
BC23944,BC23944_D2,KRAS Signaling Dn,0.1550774199176901
BC23944,BC23944_D2,KRAS Signaling Up,0.21402579356519646
BC23944,BC23944_D2,Mitotic Spindle,0.3661159093107498
BC23944,BC23944_D2,Myc Targets V1,0.41855425669905855
BC23944,BC23944_D2,Myc Targets V2,0.3668309533854089
BC23944,BC23944_D2,Myogenesis,0.2894695815631902
BC23944,BC23944_D2,Notch Signaling,0.23630133711943918
BC23944,BC23944_D2,Oxidative Phosphorylation,0.36590252350311087
BC23944,BC23944_D2,PI3K/AKT/mTOR  Signaling,0.42974457835259416
BC23944,BC23944_D2,Pancreas Beta Cells,0.13682254520572792
BC23944,BC23944_D2,Pperoxisome,0.3383041710054176
BC23944,BC23944_D2,Protein Secretion,0.33151344084285883
BC23944,BC23944_D2,Reactive Oxygen Species Pathway,0.16743950173778258
BC23944,BC23944_D2,Spermatogenesis,0.1363308834808842
BC23944,BC23944_D2,TGF-beta Signaling,0.24802381770432672
BC23944,BC23944_D2,TNF-alpha Signaling via NF-kB,0.098750880345608
BC23944,BC23944_D2,UV Response Dn,0.23265244947381894
BC23944,BC23944_D2,UV Response Up,0.2936818433227698
BC23944,BC23944_D2,Unfolded Protein Response,0.39840971059446334
BC23944,BC23944_D2,Wnt-beta Catenin Signaling,0.3540745644215524
BC23944,BC23944_D2,Xenobiotic Metabolism,0.3448595303016414
BC23944,BC23944_D2,heme Metabolism,0.3955605046068501
BC23944,BC23944_D2,mTORC1 Signaling,0.4041977885460509
BC23944,BC23944_D2,p53 Pathway,0.34628710777905214
BC23944,BC23944_E1,Adipogenesis,0.18910564589450818
BC23944,BC23944_E1,Allograft Rejection,0.3454801948389559
BC23944,BC23944_E1,Androgen Response,0.270597269770529
BC23944,BC23944_E1,Angiogenesis,0.13422690595400985
BC23944,BC23944_E1,Apical Junction,0.26357891172232895
BC23944,BC23944_E1,Apical Surface,0.15655417549295678
BC23944,BC23944_E1,Apoptosis,0.1701914400746501
BC23944,BC23944_E1,Bile Acid Metabolism,0.1316541815543014
BC23944,BC23944_E1,Cholesterol Homeostasis,0.30096370579775095
BC23944,BC23944_E1,Coagulation,0.2535407111310264
BC23944,BC23944_E1,Complement,0.30148152155939123
BC23944,BC23944_E1,DNA Repair,0.3564872675362487
BC23944,BC23944_E1,E2F Targets,0.49007679359869355
BC23944,BC23944_E1,Epithelial Mesenchymal Transition,0.1990371025799403
BC23944,BC23944_E1,Estrogen Response Early,0.12376530979146669
BC23944,BC23944_E1,Estrogen Response Late,0.25088172786052815
BC23944,BC23944_E1,Fatty Acid Metabolism,0.21354009089200413
BC23944,BC23944_E1,G2-M Checkpoint,0.47708582071962274
BC23944,BC23944_E1,Glycolysis,0.29742404824732027
BC23944,BC23944_E1,Hedgehog Signaling,0.11765153287239755
BC23944,BC23944_E1,Hypoxia,0.14396775524431626
BC23944,BC23944_E1,IL-2/STAT5 Signaling,0.3477801381523815
BC23944,BC23944_E1,IL-6/JAK/STAT3 Signaling,0.23627877138653433
BC23944,BC23944_E1,Inflammatory Response,0.2581777007549645
BC23944,BC23944_E1,Interferon Alpha Response,0.3822525039568275
BC23944,BC23944_E1,Interferon Gamma Response,0.4051735451991186
BC23944,BC23944_E1,KRAS Signaling Dn,0.13862253331701097
BC23944,BC23944_E1,KRAS Signaling Up,0.2156813483981372
BC23944,BC23944_E1,Mitotic Spindle,0.4441912136384025
BC23944,BC23944_E1,Myc Targets V1,0.3876696376600861
BC23944,BC23944_E1,Myc Targets V2,0.22844116630747544
BC23944,BC23944_E1,Myogenesis,0.27242968371830895
BC23944,BC23944_E1,Notch Signaling,0.1310649166307825
BC23944,BC23944_E1,Oxidative Phosphorylation,0.2610666789654943
BC23944,BC23944_E1,PI3K/AKT/mTOR  Signaling,0.32854743188188207
BC23944,BC23944_E1,Pancreas Beta Cells,0.1040464690367204
BC23944,BC23944_E1,Pperoxisome,0.17366825867343494
BC23944,BC23944_E1,Protein Secretion,0.3309774566086508
BC23944,BC23944_E1,Reactive Oxygen Species Pathway,0.2106664858344434
BC23944,BC23944_E1,Spermatogenesis,0.18747233412464429
BC23944,BC23944_E1,TGF-beta Signaling,0.13026224236323314
BC23944,BC23944_E1,TNF-alpha Signaling via NF-kB,0.15204937201612234
BC23944,BC23944_E1,UV Response Dn,0.21758919250749376
BC23944,BC23944_E1,UV Response Up,0.3283977982610479
BC23944,BC23944_E1,Unfolded Protein Response,0.3831839750181165
BC23944,BC23944_E1,Wnt-beta Catenin Signaling,0.1687912832761552
BC23944,BC23944_E1,Xenobiotic Metabolism,0.3217274396546049
BC23944,BC23944_E1,heme Metabolism,0.28871896406558045
BC23944,BC23944_E1,mTORC1 Signaling,0.38526971905531765
BC23944,BC23944_E1,p53 Pathway,0.270075561983576
BC23944,BC23944_E2,Adipogenesis,-0.08611819624704338
BC23944,BC23944_E2,Allograft Rejection,-0.02031798738111429
BC23944,BC23944_E2,Androgen Response,0.10739469180922423
BC23944,BC23944_E2,Angiogenesis,0.0031729402682848123
BC23944,BC23944_E2,Apical Junction,-0.010609282653326049
BC23944,BC23944_E2,Apical Surface,-0.010078404989827733
BC23944,BC23944_E2,Apoptosis,-0.061617474875944885
BC23944,BC23944_E2,Bile Acid Metabolism,-0.0050875592305074085
BC23944,BC23944_E2,Cholesterol Homeostasis,-0.022550759710172775
BC23944,BC23944_E2,Coagulation,-0.01817674246264237
BC23944,BC23944_E2,Complement,-0.0006184563608837252
BC23944,BC23944_E2,DNA Repair,-0.0024968371474435695
BC23944,BC23944_E2,E2F Targets,0.1802207606457419
BC23944,BC23944_E2,Epithelial Mesenchymal Transition,0.07584839928392291
BC23944,BC23944_E2,Estrogen Response Early,0.0683478054967502
BC23944,BC23944_E2,Estrogen Response Late,0.04167664087007369
BC23944,BC23944_E2,Fatty Acid Metabolism,0.02039773838469258
BC23944,BC23944_E2,G2-M Checkpoint,0.20303102785709237
BC23944,BC23944_E2,Glycolysis,-0.0027814369360828466
BC23944,BC23944_E2,Hedgehog Signaling,0.08859162226522008
BC23944,BC23944_E2,Hypoxia,-0.028321491081796848
BC23944,BC23944_E2,IL-2/STAT5 Signaling,-0.049345290276265906
BC23944,BC23944_E2,IL-6/JAK/STAT3 Signaling,-0.0716402518458443
BC23944,BC23944_E2,Inflammatory Response,0.040289930648025385
BC23944,BC23944_E2,Interferon Alpha Response,0.005316732746434767
BC23944,BC23944_E2,Interferon Gamma Response,-0.004793555230349987
BC23944,BC23944_E2,KRAS Signaling Dn,-0.041487197522891255
BC23944,BC23944_E2,KRAS Signaling Up,-0.006622850294488916
BC23944,BC23944_E2,Mitotic Spindle,0.1637733963913651
BC23944,BC23944_E2,Myc Targets V1,0.13630249070081532
BC23944,BC23944_E2,Myc Targets V2,0.006025804673434605
BC23944,BC23944_E2,Myogenesis,-0.011797102827108585
BC23944,BC23944_E2,Notch Signaling,0.009072156981780332
BC23944,BC23944_E2,Oxidative Phosphorylation,-0.0038417384504243787
BC23944,BC23944_E2,PI3K/AKT/mTOR  Signaling,0.11119717867053579
BC23944,BC23944_E2,Pancreas Beta Cells,0.12066185807689354
BC23944,BC23944_E2,Pperoxisome,0.0594133466589584
BC23944,BC23944_E2,Protein Secretion,0.08930526899244026
BC23944,BC23944_E2,Reactive Oxygen Species Pathway,-0.018551221320259006
BC23944,BC23944_E2,Spermatogenesis,0.09125241204882888
BC23944,BC23944_E2,TGF-beta Signaling,0.13255988588747203
BC23944,BC23944_E2,TNF-alpha Signaling via NF-kB,0.06050629523738606
BC23944,BC23944_E2,UV Response Dn,0.11668336923581277
BC23944,BC23944_E2,UV Response Up,0.030002879635212636
BC23944,BC23944_E2,Unfolded Protein Response,0.06694158338098873
BC23944,BC23944_E2,Wnt-beta Catenin Signaling,0.01349127635771762
BC23944,BC23944_E2,Xenobiotic Metabolism,0.007339936550007331
BC23944,BC23944_E2,heme Metabolism,0.021102940679936368
BC23944,BC23944_E2,mTORC1 Signaling,0.14181347914723746
BC23944,BC23944_E2,p53 Pathway,-0.027924896409149705
BC24044,BC24044_D2,Adipogenesis,0.5469714502957578
BC24044,BC24044_D2,Allograft Rejection,0.622612240904419
BC24044,BC24044_D2,Androgen Response,0.5704644473558012
BC24044,BC24044_D2,Angiogenesis,0.2543469193358795
BC24044,BC24044_D2,Apical Junction,0.6036934375314423
BC24044,BC24044_D2,Apical Surface,0.42353961857582983
BC24044,BC24044_D2,Apoptosis,0.5462870055252936
BC24044,BC24044_D2,Bile Acid Metabolism,0.3458406591138899
BC24044,BC24044_D2,Cholesterol Homeostasis,0.5483577495346511
BC24044,BC24044_D2,Coagulation,0.5241968769534325
BC24044,BC24044_D2,Complement,0.5930565874990763
BC24044,BC24044_D2,DNA Repair,0.5824198109142776
BC24044,BC24044_D2,E2F Targets,0.6505532246981504
BC24044,BC24044_D2,Epithelial Mesenchymal Transition,0.32784187633907325
BC24044,BC24044_D2,Estrogen Response Early,0.5044873143481455
BC24044,BC24044_D2,Estrogen Response Late,0.5254803892846174
BC24044,BC24044_D2,Fatty Acid Metabolism,0.5414292369326331
BC24044,BC24044_D2,G2-M Checkpoint,0.7154701617712009
BC24044,BC24044_D2,Glycolysis,0.5839377137037561
BC24044,BC24044_D2,Hedgehog Signaling,0.34222325016532334
BC24044,BC24044_D2,Hypoxia,0.47021157378803774
BC24044,BC24044_D2,IL-2/STAT5 Signaling,0.5608425900766647
BC24044,BC24044_D2,IL-6/JAK/STAT3 Signaling,0.44223406057118514
BC24044,BC24044_D2,Inflammatory Response,0.5092908102379182
BC24044,BC24044_D2,Interferon Alpha Response,0.5020894719921126
BC24044,BC24044_D2,Interferon Gamma Response,0.6089536615643324
BC24044,BC24044_D2,KRAS Signaling Dn,0.3661788316686515
BC24044,BC24044_D2,KRAS Signaling Up,0.49408303462307535
BC24044,BC24044_D2,Mitotic Spindle,0.6646523603338635
BC24044,BC24044_D2,Myc Targets V1,0.6692731407327992
BC24044,BC24044_D2,Myc Targets V2,0.47323363948834873
BC24044,BC24044_D2,Myogenesis,0.45337550600465193
BC24044,BC24044_D2,Notch Signaling,0.41173141591706863
BC24044,BC24044_D2,Oxidative Phosphorylation,0.5805102994513092
BC24044,BC24044_D2,PI3K/AKT/mTOR  Signaling,0.5400122051306525
BC24044,BC24044_D2,Pancreas Beta Cells,0.25590409176371404
BC24044,BC24044_D2,Pperoxisome,0.5503047438194397
BC24044,BC24044_D2,Protein Secretion,0.6078149832637957
BC24044,BC24044_D2,Reactive Oxygen Species Pathway,0.5408525124219266
BC24044,BC24044_D2,Spermatogenesis,0.37878530101558977
BC24044,BC24044_D2,TGF-beta Signaling,0.4797994861720883
BC24044,BC24044_D2,TNF-alpha Signaling via NF-kB,0.5301548402087698
BC24044,BC24044_D2,UV Response Dn,0.4803598423417713
BC24044,BC24044_D2,UV Response Up,0.582003437952898
BC24044,BC24044_D2,Unfolded Protein Response,0.6040102783848799
BC24044,BC24044_D2,Wnt-beta Catenin Signaling,0.34436850712321365
BC24044,BC24044_D2,Xenobiotic Metabolism,0.4929127965835104
BC24044,BC24044_D2,heme Metabolism,0.5462937107481208
BC24044,BC24044_D2,mTORC1 Signaling,0.6388396117216792
BC24044,BC24044_D2,p53 Pathway,0.5567984903685339
BC24044,BC24044_E1,Adipogenesis,0.6267504395753258
BC24044,BC24044_E1,Allograft Rejection,0.6589295621222603
BC24044,BC24044_E1,Androgen Response,0.6804161130019449
BC24044,BC24044_E1,Angiogenesis,0.4285021162214183
BC24044,BC24044_E1,Apical Junction,0.6902047820539887
BC24044,BC24044_E1,Apical Surface,0.497682587651758
BC24044,BC24044_E1,Apoptosis,0.6746725308080557
BC24044,BC24044_E1,Bile Acid Metabolism,0.4221930729178241
BC24044,BC24044_E1,Cholesterol Homeostasis,0.5743369728430042
BC24044,BC24044_E1,Coagulation,0.5994559865058416
BC24044,BC24044_E1,Complement,0.6609154959273671
BC24044,BC24044_E1,DNA Repair,0.6299870789297768
BC24044,BC24044_E1,E2F Targets,0.7336703308725436
BC24044,BC24044_E1,Epithelial Mesenchymal Transition,0.4847005218427862
BC24044,BC24044_E1,Estrogen Response Early,0.6077986462289768
BC24044,BC24044_E1,Estrogen Response Late,0.618505581154048
BC24044,BC24044_E1,Fatty Acid Metabolism,0.6264023856424283
BC24044,BC24044_E1,G2-M Checkpoint,0.7650295749724401
BC24044,BC24044_E1,Glycolysis,0.6462042890251654
BC24044,BC24044_E1,Hedgehog Signaling,0.48934160248513514
BC24044,BC24044_E1,Hypoxia,0.6202351009170094
BC24044,BC24044_E1,IL-2/STAT5 Signaling,0.6890357853101882
BC24044,BC24044_E1,IL-6/JAK/STAT3 Signaling,0.5811938301501018
BC24044,BC24044_E1,Inflammatory Response,0.6325169228544124
BC24044,BC24044_E1,Interferon Alpha Response,0.5854393217084638
BC24044,BC24044_E1,Interferon Gamma Response,0.6890728558803935
BC24044,BC24044_E1,KRAS Signaling Dn,0.43202924870744597
BC24044,BC24044_E1,KRAS Signaling Up,0.6056423000315545
BC24044,BC24044_E1,Mitotic Spindle,0.7506757168546726
BC24044,BC24044_E1,Myc Targets V1,0.7165167269115563
BC24044,BC24044_E1,Myc Targets V2,0.5730589423487555
BC24044,BC24044_E1,Myogenesis,0.6029147136134541
BC24044,BC24044_E1,Notch Signaling,0.5248683572493168
BC24044,BC24044_E1,Oxidative Phosphorylation,0.6099475034310952
BC24044,BC24044_E1,PI3K/AKT/mTOR  Signaling,0.6533662105027522
BC24044,BC24044_E1,Pancreas Beta Cells,0.30871273184858633
BC24044,BC24044_E1,Pperoxisome,0.5833019357399519
BC24044,BC24044_E1,Protein Secretion,0.658098464635896
BC24044,BC24044_E1,Reactive Oxygen Species Pathway,0.5259076595073264
BC24044,BC24044_E1,Spermatogenesis,0.5495145819431537
BC24044,BC24044_E1,TGF-beta Signaling,0.5245371758388243
BC24044,BC24044_E1,TNF-alpha Signaling via NF-kB,0.6558522494884355
BC24044,BC24044_E1,UV Response Dn,0.6369838248360956
BC24044,BC24044_E1,UV Response Up,0.6269449931631693
BC24044,BC24044_E1,Unfolded Protein Response,0.679175314369366
BC24044,BC24044_E1,Wnt-beta Catenin Signaling,0.49277822061735466
BC24044,BC24044_E1,Xenobiotic Metabolism,0.6066869751843119
BC24044,BC24044_E1,heme Metabolism,0.6561127819477346
BC24044,BC24044_E1,mTORC1 Signaling,0.71396716675635
BC24044,BC24044_E1,p53 Pathway,0.6407561083239448
BC24044,BC24044_E2,Adipogenesis,0.5121793955274034
BC24044,BC24044_E2,Allograft Rejection,0.6191056156982098
BC24044,BC24044_E2,Androgen Response,0.642383209470655
BC24044,BC24044_E2,Angiogenesis,0.32205411580426424
BC24044,BC24044_E2,Apical Junction,0.6110817839129581
BC24044,BC24044_E2,Apical Surface,0.40575841023424974
BC24044,BC24044_E2,Apoptosis,0.6022480716900845
BC24044,BC24044_E2,Bile Acid Metabolism,0.34154833225168907
BC24044,BC24044_E2,Cholesterol Homeostasis,0.5023406972060284
BC24044,BC24044_E2,Coagulation,0.5606721050060844
BC24044,BC24044_E2,Complement,0.6160617268138838
BC24044,BC24044_E2,DNA Repair,0.5726113701302343
BC24044,BC24044_E2,E2F Targets,0.6840025177461647
BC24044,BC24044_E2,Epithelial Mesenchymal Transition,0.4269266027425384
BC24044,BC24044_E2,Estrogen Response Early,0.5381308674924264
BC24044,BC24044_E2,Estrogen Response Late,0.5674529571322895
BC24044,BC24044_E2,Fatty Acid Metabolism,0.5783739741869561
BC24044,BC24044_E2,G2-M Checkpoint,0.7108751580751254
BC24044,BC24044_E2,Glycolysis,0.5834229257109279
BC24044,BC24044_E2,Hedgehog Signaling,0.4266327629438071
BC24044,BC24044_E2,Hypoxia,0.5136247316885172
BC24044,BC24044_E2,IL-2/STAT5 Signaling,0.6101767998967774
BC24044,BC24044_E2,IL-6/JAK/STAT3 Signaling,0.5037838051686097
BC24044,BC24044_E2,Inflammatory Response,0.573067418883788
BC24044,BC24044_E2,Interferon Alpha Response,0.5146759801954294
BC24044,BC24044_E2,Interferon Gamma Response,0.6245280422721711
BC24044,BC24044_E2,KRAS Signaling Dn,0.3420419158636829
BC24044,BC24044_E2,KRAS Signaling Up,0.5786614504506835
BC24044,BC24044_E2,Mitotic Spindle,0.7027657380587558
BC24044,BC24044_E2,Myc Targets V1,0.6861065010786541
BC24044,BC24044_E2,Myc Targets V2,0.37332541980352507
BC24044,BC24044_E2,Myogenesis,0.510919807983427
BC24044,BC24044_E2,Notch Signaling,0.39945190442641076
BC24044,BC24044_E2,Oxidative Phosphorylation,0.615451835261104
BC24044,BC24044_E2,PI3K/AKT/mTOR  Signaling,0.5928231325620923
BC24044,BC24044_E2,Pancreas Beta Cells,0.31320946539153566
BC24044,BC24044_E2,Pperoxisome,0.5380101741169153
BC24044,BC24044_E2,Protein Secretion,0.6213817752044767
BC24044,BC24044_E2,Reactive Oxygen Species Pathway,0.47562023973730094
BC24044,BC24044_E2,Spermatogenesis,0.39855697096227827
BC24044,BC24044_E2,TGF-beta Signaling,0.41330321826607125
BC24044,BC24044_E2,TNF-alpha Signaling via NF-kB,0.5951075425241695
BC24044,BC24044_E2,UV Response Dn,0.5689003979928495
BC24044,BC24044_E2,UV Response Up,0.5608720020229224
BC24044,BC24044_E2,Unfolded Protein Response,0.6373714976853162
BC24044,BC24044_E2,Wnt-beta Catenin Signaling,0.3846522000551245
BC24044,BC24044_E2,Xenobiotic Metabolism,0.5255836471588853
BC24044,BC24044_E2,heme Metabolism,0.5794194552408938
BC24044,BC24044_E2,mTORC1 Signaling,0.6603153078811254
BC24044,BC24044_E2,p53 Pathway,0.5806049280395609
BC24105,BC24105_C1,Adipogenesis,0.1524738183976841
BC24105,BC24105_C1,Allograft Rejection,0.13409116460696852
BC24105,BC24105_C1,Androgen Response,0.19820340343327295
BC24105,BC24105_C1,Angiogenesis,0.05346453130279164
BC24105,BC24105_C1,Apical Junction,0.045552743795718
BC24105,BC24105_C1,Apical Surface,-0.018675718466495714
BC24105,BC24105_C1,Apoptosis,0.09182630345621101
BC24105,BC24105_C1,Bile Acid Metabolism,0.09401295432940152
BC24105,BC24105_C1,Cholesterol Homeostasis,0.2512541348705046
BC24105,BC24105_C1,Coagulation,0.21938342000833286
BC24105,BC24105_C1,Complement,0.02871323829127975
BC24105,BC24105_C1,DNA Repair,0.1320330421428564
BC24105,BC24105_C1,E2F Targets,0.2646781405926011
BC24105,BC24105_C1,Epithelial Mesenchymal Transition,0.394285307690336
BC24105,BC24105_C1,Estrogen Response Early,0.0982392289497074
BC24105,BC24105_C1,Estrogen Response Late,0.05281498458660988
BC24105,BC24105_C1,Fatty Acid Metabolism,0.2056723571662465
BC24105,BC24105_C1,G2-M Checkpoint,0.31879888777471793
BC24105,BC24105_C1,Glycolysis,0.17113830194513258
BC24105,BC24105_C1,Hedgehog Signaling,-0.06928365429263565
BC24105,BC24105_C1,Hypoxia,0.1705491769671456
BC24105,BC24105_C1,IL-2/STAT5 Signaling,0.038208626579393605
BC24105,BC24105_C1,IL-6/JAK/STAT3 Signaling,-0.0011753665786928187
BC24105,BC24105_C1,Inflammatory Response,0.09335543149081729
BC24105,BC24105_C1,Interferon Alpha Response,0.2112821369143454
BC24105,BC24105_C1,Interferon Gamma Response,0.2666970451116015
BC24105,BC24105_C1,KRAS Signaling Dn,0.023781941821256834
BC24105,BC24105_C1,KRAS Signaling Up,0.07295376254612239
BC24105,BC24105_C1,Mitotic Spindle,0.11590983346073154
BC24105,BC24105_C1,Myc Targets V1,0.2496897447143113
BC24105,BC24105_C1,Myc Targets V2,0.19610340379455013
BC24105,BC24105_C1,Myogenesis,0.18135491236412726
BC24105,BC24105_C1,Notch Signaling,0.09223493853357363
BC24105,BC24105_C1,Oxidative Phosphorylation,0.14603943873144268
BC24105,BC24105_C1,PI3K/AKT/mTOR  Signaling,0.05807791787612904
BC24105,BC24105_C1,Pancreas Beta Cells,-0.031743545602645425
BC24105,BC24105_C1,Pperoxisome,0.21883891729887128
BC24105,BC24105_C1,Protein Secretion,0.18163341748993342
BC24105,BC24105_C1,Reactive Oxygen Species Pathway,0.06309169855338373
BC24105,BC24105_C1,Spermatogenesis,0.1862976160727084
BC24105,BC24105_C1,TGF-beta Signaling,0.04145172206663432
BC24105,BC24105_C1,TNF-alpha Signaling via NF-kB,0.035619184117500924
BC24105,BC24105_C1,UV Response Dn,-0.04957374683003619
BC24105,BC24105_C1,UV Response Up,0.0034364884602800043
BC24105,BC24105_C1,Unfolded Protein Response,0.11259657788068013
BC24105,BC24105_C1,Wnt-beta Catenin Signaling,0.025935678596540432
BC24105,BC24105_C1,Xenobiotic Metabolism,0.04106477827198579
BC24105,BC24105_C1,heme Metabolism,0.09608479641522244
BC24105,BC24105_C1,mTORC1 Signaling,0.2843552443297532
BC24105,BC24105_C1,p53 Pathway,0.10892491459084834
BC24105,BC24105_C2,Adipogenesis,0.14660464177505989
BC24105,BC24105_C2,Allograft Rejection,0.20677891574441892
BC24105,BC24105_C2,Androgen Response,0.14658905175853165
BC24105,BC24105_C2,Angiogenesis,0.012114904856725806
BC24105,BC24105_C2,Apical Junction,0.068500615485963
BC24105,BC24105_C2,Apical Surface,0.03906071780402289
BC24105,BC24105_C2,Apoptosis,0.11303578917457063
BC24105,BC24105_C2,Bile Acid Metabolism,-0.009594476711872793
BC24105,BC24105_C2,Cholesterol Homeostasis,0.27705394755924395
BC24105,BC24105_C2,Coagulation,0.20365425343874768
BC24105,BC24105_C2,Complement,-0.013169196247573334
BC24105,BC24105_C2,DNA Repair,0.07753681245862326
BC24105,BC24105_C2,E2F Targets,0.09941161042082126
BC24105,BC24105_C2,Epithelial Mesenchymal Transition,0.363652374225724
BC24105,BC24105_C2,Estrogen Response Early,0.0228976033344375
BC24105,BC24105_C2,Estrogen Response Late,-0.0047353279628409
BC24105,BC24105_C2,Fatty Acid Metabolism,0.17892417206804145
BC24105,BC24105_C2,G2-M Checkpoint,0.1520675707888354
BC24105,BC24105_C2,Glycolysis,0.03284420177425274
BC24105,BC24105_C2,Hedgehog Signaling,-0.056217589215031526
BC24105,BC24105_C2,Hypoxia,0.038767353370887915
BC24105,BC24105_C2,IL-2/STAT5 Signaling,0.011356564621260393
BC24105,BC24105_C2,IL-6/JAK/STAT3 Signaling,0.042755090770543264
BC24105,BC24105_C2,Inflammatory Response,0.07216069235401742
BC24105,BC24105_C2,Interferon Alpha Response,0.3515782794995411
BC24105,BC24105_C2,Interferon Gamma Response,0.3117000174398036
BC24105,BC24105_C2,KRAS Signaling Dn,-0.0028368912666612172
BC24105,BC24105_C2,KRAS Signaling Up,0.05925014478234913
BC24105,BC24105_C2,Mitotic Spindle,0.05483501815756085
BC24105,BC24105_C2,Myc Targets V1,0.2054429570777927
BC24105,BC24105_C2,Myc Targets V2,0.13742669242676722
BC24105,BC24105_C2,Myogenesis,0.1329408963909672
BC24105,BC24105_C2,Notch Signaling,0.026516944851652593
BC24105,BC24105_C2,Oxidative Phosphorylation,0.1885624047009992
BC24105,BC24105_C2,PI3K/AKT/mTOR  Signaling,0.053037406712440435
BC24105,BC24105_C2,Pancreas Beta Cells,0.03981241015161257
BC24105,BC24105_C2,Pperoxisome,0.029106506257010934
BC24105,BC24105_C2,Protein Secretion,0.15415219152615456
BC24105,BC24105_C2,Reactive Oxygen Species Pathway,0.07933524193906812
BC24105,BC24105_C2,Spermatogenesis,0.12328652526050578
BC24105,BC24105_C2,TGF-beta Signaling,0.04131208903960965
BC24105,BC24105_C2,TNF-alpha Signaling via NF-kB,-0.03621220661709972
BC24105,BC24105_C2,UV Response Dn,-0.047146785165326464
BC24105,BC24105_C2,UV Response Up,0.08045272604933353
BC24105,BC24105_C2,Unfolded Protein Response,0.19490810226756924
BC24105,BC24105_C2,Wnt-beta Catenin Signaling,-0.0448717039338733
BC24105,BC24105_C2,Xenobiotic Metabolism,0.03146494004031727
BC24105,BC24105_C2,heme Metabolism,-0.05854791933748612
BC24105,BC24105_C2,mTORC1 Signaling,0.2734602915192047
BC24105,BC24105_C2,p53 Pathway,0.13000633869039835
BC24105,BC24105_D1,Adipogenesis,0.12670592658834004
BC24105,BC24105_D1,Allograft Rejection,0.17681295670051309
BC24105,BC24105_D1,Androgen Response,0.19035211163559693
BC24105,BC24105_D1,Angiogenesis,-0.053095017666595565
BC24105,BC24105_D1,Apical Junction,0.10176321422945747
BC24105,BC24105_D1,Apical Surface,-0.0989639670249179
BC24105,BC24105_D1,Apoptosis,0.013354261532055186
BC24105,BC24105_D1,Bile Acid Metabolism,0.19409009046485357
BC24105,BC24105_D1,Cholesterol Homeostasis,0.3357787758096695
BC24105,BC24105_D1,Coagulation,0.1273911195482957
BC24105,BC24105_D1,Complement,0.018859101962256992
BC24105,BC24105_D1,DNA Repair,0.0613410126532135
BC24105,BC24105_D1,E2F Targets,0.14140954480961562
BC24105,BC24105_D1,Epithelial Mesenchymal Transition,0.14861671337719334
BC24105,BC24105_D1,Estrogen Response Early,0.09651640595130487
BC24105,BC24105_D1,Estrogen Response Late,0.051461090196702364
BC24105,BC24105_D1,Fatty Acid Metabolism,0.18785322522364806
BC24105,BC24105_D1,G2-M Checkpoint,0.25243484817760525
BC24105,BC24105_D1,Glycolysis,0.19727285214607299
BC24105,BC24105_D1,Hedgehog Signaling,0.10567229383872244
BC24105,BC24105_D1,Hypoxia,0.1039024109173083
BC24105,BC24105_D1,IL-2/STAT5 Signaling,0.04789443795527512
BC24105,BC24105_D1,IL-6/JAK/STAT3 Signaling,0.008509463761403192
BC24105,BC24105_D1,Inflammatory Response,-0.012942377920678207
BC24105,BC24105_D1,Interferon Alpha Response,0.29727245833413096
BC24105,BC24105_D1,Interferon Gamma Response,0.2547176383358477
BC24105,BC24105_D1,KRAS Signaling Dn,0.002682071083792352
BC24105,BC24105_D1,KRAS Signaling Up,0.14074600660123332
BC24105,BC24105_D1,Mitotic Spindle,0.015189050927937882
BC24105,BC24105_D1,Myc Targets V1,0.2279002389297525
BC24105,BC24105_D1,Myc Targets V2,0.16468275014310751
BC24105,BC24105_D1,Myogenesis,0.03030055005794167
BC24105,BC24105_D1,Notch Signaling,0.020202004725488807
BC24105,BC24105_D1,Oxidative Phosphorylation,0.11099587544375253
BC24105,BC24105_D1,PI3K/AKT/mTOR  Signaling,0.13581588263759495
BC24105,BC24105_D1,Pancreas Beta Cells,0.10729705181789002
BC24105,BC24105_D1,Pperoxisome,0.15603165751768253
BC24105,BC24105_D1,Protein Secretion,0.11527500763709322
BC24105,BC24105_D1,Reactive Oxygen Species Pathway,0.11644612813815446
BC24105,BC24105_D1,Spermatogenesis,0.1507230551193179
BC24105,BC24105_D1,TGF-beta Signaling,0.048725515526169653
BC24105,BC24105_D1,TNF-alpha Signaling via NF-kB,-0.0007143510767536207
BC24105,BC24105_D1,UV Response Dn,0.08363716706574303
BC24105,BC24105_D1,UV Response Up,0.05834366619318899
BC24105,BC24105_D1,Unfolded Protein Response,0.0805296436991455
BC24105,BC24105_D1,Wnt-beta Catenin Signaling,-0.11179818364926815
BC24105,BC24105_D1,Xenobiotic Metabolism,0.10759486700636532
BC24105,BC24105_D1,heme Metabolism,0.0501551804775853
BC24105,BC24105_D1,mTORC1 Signaling,0.32758215470976015
BC24105,BC24105_D1,p53 Pathway,0.09017989935245396
BC24220,BC24220_D2,Adipogenesis,0.5712277628758407
BC24220,BC24220_D2,Allograft Rejection,0.4175530194292297
BC24220,BC24220_D2,Androgen Response,0.5475944412598873
BC24220,BC24220_D2,Angiogenesis,0.42365412917780054
BC24220,BC24220_D2,Apical Junction,0.5045273858193191
BC24220,BC24220_D2,Apical Surface,0.3538020694158446
BC24220,BC24220_D2,Apoptosis,0.6170745482442422
BC24220,BC24220_D2,Bile Acid Metabolism,0.33232645282854467
BC24220,BC24220_D2,Cholesterol Homeostasis,0.5922228297579704
BC24220,BC24220_D2,Coagulation,0.539730437363843
BC24220,BC24220_D2,Complement,0.520504081756541
BC24220,BC24220_D2,DNA Repair,0.5089802340959566
BC24220,BC24220_D2,E2F Targets,0.6040229009358068
BC24220,BC24220_D2,Epithelial Mesenchymal Transition,0.4486550320351597
BC24220,BC24220_D2,Estrogen Response Early,0.5326406857508036
BC24220,BC24220_D2,Estrogen Response Late,0.48576487833483534
BC24220,BC24220_D2,Fatty Acid Metabolism,0.5796432248025751
BC24220,BC24220_D2,G2-M Checkpoint,0.6181548024123716
BC24220,BC24220_D2,Glycolysis,0.4973927326569163
BC24220,BC24220_D2,Hedgehog Signaling,0.2845890509179075
BC24220,BC24220_D2,Hypoxia,0.46613405770887556
BC24220,BC24220_D2,IL-2/STAT5 Signaling,0.5947611466925152
BC24220,BC24220_D2,IL-6/JAK/STAT3 Signaling,0.4122404760121879
BC24220,BC24220_D2,Inflammatory Response,0.486999602977301
BC24220,BC24220_D2,Interferon Alpha Response,0.3856011430664735
BC24220,BC24220_D2,Interferon Gamma Response,0.48186254012508484
BC24220,BC24220_D2,KRAS Signaling Dn,0.23960427639435128
BC24220,BC24220_D2,KRAS Signaling Up,0.5024587575370609
BC24220,BC24220_D2,Mitotic Spindle,0.6124795786661266
BC24220,BC24220_D2,Myc Targets V1,0.6187573842967441
BC24220,BC24220_D2,Myc Targets V2,0.35659451567536765
BC24220,BC24220_D2,Myogenesis,0.4479729197051924
BC24220,BC24220_D2,Notch Signaling,0.4145242101277119
BC24220,BC24220_D2,Oxidative Phosphorylation,0.5734958515877812
BC24220,BC24220_D2,PI3K/AKT/mTOR  Signaling,0.5314942325704535
BC24220,BC24220_D2,Pancreas Beta Cells,0.28304187123091173
BC24220,BC24220_D2,Pperoxisome,0.5016383734392351
BC24220,BC24220_D2,Protein Secretion,0.5760122576192542
BC24220,BC24220_D2,Reactive Oxygen Species Pathway,0.41045663897636875
BC24220,BC24220_D2,Spermatogenesis,0.39661855514916755
BC24220,BC24220_D2,TGF-beta Signaling,0.4366903514908985
BC24220,BC24220_D2,TNF-alpha Signaling via NF-kB,0.5269110424779306
BC24220,BC24220_D2,UV Response Dn,0.5287069607139823
BC24220,BC24220_D2,UV Response Up,0.5046014530104821
BC24220,BC24220_D2,Unfolded Protein Response,0.5276060187389712
BC24220,BC24220_D2,Wnt-beta Catenin Signaling,0.3863654849581691
BC24220,BC24220_D2,Xenobiotic Metabolism,0.5282507945280275
BC24220,BC24220_D2,heme Metabolism,0.594016409689927
BC24220,BC24220_D2,mTORC1 Signaling,0.6145996953448355
BC24220,BC24220_D2,p53 Pathway,0.5608195516820471
BC24220,BC24220_E1,Adipogenesis,0.5046116784855645
BC24220,BC24220_E1,Allograft Rejection,0.2931893448905098
BC24220,BC24220_E1,Androgen Response,0.6124434768827671
BC24220,BC24220_E1,Angiogenesis,0.46118667439084077
BC24220,BC24220_E1,Apical Junction,0.4965859074194092
BC24220,BC24220_E1,Apical Surface,0.4448492707711126
BC24220,BC24220_E1,Apoptosis,0.6242854773298417
BC24220,BC24220_E1,Bile Acid Metabolism,0.355770264192258
BC24220,BC24220_E1,Cholesterol Homeostasis,0.5061309499084453
BC24220,BC24220_E1,Coagulation,0.5996824750679106
BC24220,BC24220_E1,Complement,0.5625808873274557
BC24220,BC24220_E1,DNA Repair,0.4927138622897487
BC24220,BC24220_E1,E2F Targets,0.6291354190107756
BC24220,BC24220_E1,Epithelial Mesenchymal Transition,0.5552800888707368
BC24220,BC24220_E1,Estrogen Response Early,0.5077118598232785
BC24220,BC24220_E1,Estrogen Response Late,0.5322240163894861
BC24220,BC24220_E1,Fatty Acid Metabolism,0.5849088088615911
BC24220,BC24220_E1,G2-M Checkpoint,0.6102583625164261
BC24220,BC24220_E1,Glycolysis,0.5194113400153495
BC24220,BC24220_E1,Hedgehog Signaling,0.2863057657238262
BC24220,BC24220_E1,Hypoxia,0.4926335419290314
BC24220,BC24220_E1,IL-2/STAT5 Signaling,0.5543890741254784
BC24220,BC24220_E1,IL-6/JAK/STAT3 Signaling,0.46930866227377804
BC24220,BC24220_E1,Inflammatory Response,0.4514719298230174
BC24220,BC24220_E1,Interferon Alpha Response,0.27594156126744485
BC24220,BC24220_E1,Interferon Gamma Response,0.3763649205016814
BC24220,BC24220_E1,KRAS Signaling Dn,0.25179361166126824
BC24220,BC24220_E1,KRAS Signaling Up,0.5792370988055249
BC24220,BC24220_E1,Mitotic Spindle,0.5685160825413071
BC24220,BC24220_E1,Myc Targets V1,0.6052864276891516
BC24220,BC24220_E1,Myc Targets V2,0.26445548704711974
BC24220,BC24220_E1,Myogenesis,0.4374984264034462
BC24220,BC24220_E1,Notch Signaling,0.42618497458115867
BC24220,BC24220_E1,Oxidative Phosphorylation,0.5769080265222357
BC24220,BC24220_E1,PI3K/AKT/mTOR  Signaling,0.5195917931436569
BC24220,BC24220_E1,Pancreas Beta Cells,0.2818099713827295
BC24220,BC24220_E1,Pperoxisome,0.469691213191964
BC24220,BC24220_E1,Protein Secretion,0.5919113184068888
BC24220,BC24220_E1,Reactive Oxygen Species Pathway,0.41080130331375375
BC24220,BC24220_E1,Spermatogenesis,0.40509531409783506
BC24220,BC24220_E1,TGF-beta Signaling,0.4959269529097737
BC24220,BC24220_E1,TNF-alpha Signaling via NF-kB,0.5137772279509436
BC24220,BC24220_E1,UV Response Dn,0.5705680036746598
BC24220,BC24220_E1,UV Response Up,0.49262209886991476
BC24220,BC24220_E1,Unfolded Protein Response,0.547353162747265
BC24220,BC24220_E1,Wnt-beta Catenin Signaling,0.37741522207046985
BC24220,BC24220_E1,Xenobiotic Metabolism,0.550803136447629
BC24220,BC24220_E1,heme Metabolism,0.5477044416835962
BC24220,BC24220_E1,mTORC1 Signaling,0.557295130003982
BC24220,BC24220_E1,p53 Pathway,0.5039156019558224
BC24220,BC24220_E2,Adipogenesis,0.3584168349630112
BC24220,BC24220_E2,Allograft Rejection,0.26117707373987215
BC24220,BC24220_E2,Androgen Response,0.4838764889237754
BC24220,BC24220_E2,Angiogenesis,0.3777416805468933
BC24220,BC24220_E2,Apical Junction,0.44826885082882567
BC24220,BC24220_E2,Apical Surface,0.22172002932505103
BC24220,BC24220_E2,Apoptosis,0.5048312810035369
BC24220,BC24220_E2,Bile Acid Metabolism,0.3229164945467287
BC24220,BC24220_E2,Cholesterol Homeostasis,0.33981245472003996
BC24220,BC24220_E2,Coagulation,0.48224752124641823
BC24220,BC24220_E2,Complement,0.4181725761916642
BC24220,BC24220_E2,DNA Repair,0.2723891774104694
BC24220,BC24220_E2,E2F Targets,0.5359248015666678
BC24220,BC24220_E2,Epithelial Mesenchymal Transition,0.4561204917064555
BC24220,BC24220_E2,Estrogen Response Early,0.40985482001739376
BC24220,BC24220_E2,Estrogen Response Late,0.38503442613899297
BC24220,BC24220_E2,Fatty Acid Metabolism,0.48525003755146057
BC24220,BC24220_E2,G2-M Checkpoint,0.5471158194725064
BC24220,BC24220_E2,Glycolysis,0.35693678232895026
BC24220,BC24220_E2,Hedgehog Signaling,0.13891503469019661
BC24220,BC24220_E2,Hypoxia,0.3430928227488619
BC24220,BC24220_E2,IL-2/STAT5 Signaling,0.47089715510077684
BC24220,BC24220_E2,IL-6/JAK/STAT3 Signaling,0.29044814558897164
BC24220,BC24220_E2,Inflammatory Response,0.32170117447713903
BC24220,BC24220_E2,Interferon Alpha Response,0.2893440336424746
BC24220,BC24220_E2,Interferon Gamma Response,0.35379590148342993
BC24220,BC24220_E2,KRAS Signaling Dn,0.08265398761527826
BC24220,BC24220_E2,KRAS Signaling Up,0.49807301538624893
BC24220,BC24220_E2,Mitotic Spindle,0.5232609500361383
BC24220,BC24220_E2,Myc Targets V1,0.537674476970233
BC24220,BC24220_E2,Myc Targets V2,0.2753726406265754
BC24220,BC24220_E2,Myogenesis,0.3906227083962498
BC24220,BC24220_E2,Notch Signaling,0.3024187288455942
BC24220,BC24220_E2,Oxidative Phosphorylation,0.3996766175247244
BC24220,BC24220_E2,PI3K/AKT/mTOR  Signaling,0.39156735705799517
BC24220,BC24220_E2,Pancreas Beta Cells,0.2769007156635403
BC24220,BC24220_E2,Pperoxisome,0.3896625359452184
BC24220,BC24220_E2,Protein Secretion,0.5371638267090187
BC24220,BC24220_E2,Reactive Oxygen Species Pathway,0.2735847887021691
BC24220,BC24220_E2,Spermatogenesis,0.3162553848990077
BC24220,BC24220_E2,TGF-beta Signaling,0.3690602528370936
BC24220,BC24220_E2,TNF-alpha Signaling via NF-kB,0.43279147120268496
BC24220,BC24220_E2,UV Response Dn,0.5367252627637962
BC24220,BC24220_E2,UV Response Up,0.3609889170172636
BC24220,BC24220_E2,Unfolded Protein Response,0.5135643273471955
BC24220,BC24220_E2,Wnt-beta Catenin Signaling,0.3782883319489846
BC24220,BC24220_E2,Xenobiotic Metabolism,0.4743646262017592
BC24220,BC24220_E2,heme Metabolism,0.45568714076099637
BC24220,BC24220_E2,mTORC1 Signaling,0.4745272317109035
BC24220,BC24220_E2,p53 Pathway,0.3416319022094187
