patient,section,n_spots,tumor_frac,auc
BC23287,BC23287_C1,256,0.3125,0.9922585227272727
BC23287,BC23287_C2,334,0.26646706586826346,0.9900022930520522
BC23287,BC23287_D1,357,0.25770308123249297,0.6665299425758819
BC23450,BC23450_D2,316,0.8829113924050633,0.8845296909813039
BC23450,BC23450_E1,301,0.9335548172757475,0.8861209964412812
BC23450,BC23450_E2,318,0.9088050314465409,0.911705047130414
BC23567,BC23567_D2,587,0.47189097103918226,0.8453476184930709
BC23567,BC23567_E1,572,0.4965034965034965,0.8417693661971831
BC23567,BC23567_E2,570,0.48771929824561405,0.8454838868631123
BC23810,BC23810_D2,691,0.8885672937771346,0.9260755531113838
BC23810,BC23810_E1,695,0.883453237410072,0.9516628463425423
BC23810,BC23810_E2,713,0.8709677419354839,0.9353077084646082
BC23901,BC23901_C2,292,0.4417808219178082,0.8254625005944738
BC23901,BC23901_D1,297,0.5286195286195287,0.8479526842584167
BC23903,BC23903_C1,441,0.21315192743764172,0.9211171745661905
BC23903,BC23903_C2,468,0.17094017094017094,0.9173646907216495
BC23903,BC23903_D1,464,0.21336206896551724,0.932724505327245
BC23944,BC23944_D2,414,0.8357487922705314,0.9760285617137027
BC23944,BC23944_E1,423,0.8226950354609929,0.9804597701149426
BC23944,BC23944_E2,403,0.8511166253101737,0.992517006802721
BC24044,BC24044_D2,614,0.13517915309446255,0.9727270664579221
BC24044,BC24044_E1,603,0.13432835820895522,0.9628447093325765
BC24044,BC24044_E2,511,0.09393346379647749,0.9721022318214543
BC24105,BC24105_C1,325,1.0,
BC24105,BC24105_C2,297,1.0,
BC24105,BC24105_D1,338,0.9970414201183432,0.06231454005934718
BC24220,BC24220_D2,432,0.8842592592592593,0.9234554973821989
BC24220,BC24220_E1,428,0.9299065420560748,0.9537688442211055
BC24220,BC24220_E2,437,0.9107551487414187,0.9413735343383585
