feature,coef,z,p
glcm0_energy,24.56622950159493,5.518926951917207,3.410759274162589e-08
glcm1_energy,-23.145436299685098,-5.129817645051216,2.9002299246574467e-07
glcm3_energy,12.962588663504006,3.562777149691742,0.0003669521723877869
glcm2_energy,-12.930707186872207,-3.5964929210447947,0.0003225363567254491
b_mean,11.591985751159575,18.81721289061146,5.45811769074884e-79
r_mean,-5.978682369713446,-19.246342234628877,1.514884038331143e-82
eosin_mean,5.229470593872809,12.226006292732762,2.257684707639942e-34
dab_mean,4.647057522599539,15.007295712635493,6.577519765895236e-51
r_std,2.600510802446382,12.529555263349646,5.1450378012455405e-36
g_mean,-2.416799461006322,-7.489165594704319,6.931284490688158e-14
hema_mean,2.4088385096474396,10.490780414164188,9.523846958251114e-26
hema_std,-2.1027183218337466,-17.03045989857477,4.881904442954739e-65
eosin_std,2.020422623505104,12.400929819551479,2.583086637057739e-35
b_std,-1.3721803961054642,-8.120851536936495,4.629240392939352e-16
glcm2_homog,-1.3188365314256627,-1.5034853354520838,0.13271393570019904
g_std,-1.1374801657753564,-5.39525313148775,6.842701486060936e-08
glcm1_homog,-0.9148625510397149,-1.1046879173508992,0.26929484071091625
gray_entropy,-0.7450753758023124,-9.477343572370502,2.608386057980718e-21
glcm3_homog,0.6488088083726926,0.747585304155455,0.4547103316401573
glcm0_homog,-0.6169951041006503,-0.7385780328427171,0.46016326734580226
glcm1_contrast,0.5283227693991637,0.9633964491447968,0.33534860758971985
r_skew,-0.5145234530336149,-3.5505892393044514,0.0003843698016022916
hema_entropy,0.4224157696209033,11.234203475298587,2.769805630015627e-29
glcm3_corr,0.38741700198723744,4.075472838665992,4.592094229039481e-05
glcm1_corr,-0.3654549530718896,-4.658856356344211,3.1797097786623513e-06
grad_mag_mean,-0.3647897797525296,-2.0002566308669096,0.04547255950998829
dab_std,0.2793855880946484,3.9213840913466216,8.804179614012017e-05
glcm2_contrast,-0.2474443380314287,-0.4316360403187014,0.6660059600102246
g_skew,0.23559060623096303,1.5325604087315239,0.12538420271191067
glcm0_corr,-0.2132745577336026,-2.6946078628611594,0.007047151332779382
glcm0_contrast,0.18850562343691313,0.3397253547526991,0.7340633658662523
glcm2_corr,-0.13526075292003842,-1.4360754306819885,0.15098087847683953
hema_dense_frac,0.13287980529756255,5.045747082156687,4.5175267204137116e-07
r_kurt,-0.1140585026617342,-0.7591621521354507,0.44775556351624723
hema_fracpos,0.07787076976513706,3.3812489241586174,0.0007215714264529924
b_kurt,-0.06523004235647012,-0.41719645598813604,0.6765347172253087
dab_fracpos,0.04465339511950768,2.0072895679086082,0.044718839297065494
glcm3_contrast,0.0186924244634246,0.03281806797874789,0.9738196698096223
b_skew,0.015290643807360166,0.10187726373430903,0.9188540969600043
eosin_fracpos,-0.006205798197540045,-0.24112942665183018,0.8094548063750924
g_kurt,0.001061911380550903,0.006414178085998472,0.9948822614270267
