patient,n_sections,lam,alpha,median_r_m0,median_r_m1,median_r_m2
BC23287,3,100.0,0.5,0.0,-0.006568653614235195,-0.009649754286611651
BC23450,3,100.0,0.4,0.0,0.01593565052768424,0.018947336937177487
BC23567,3,100.0,0.5,0.0,0.009266922407764541,0.009429604727482097
BC23810,3,100.0,0.5,0.0,0.011278711748043287,0.013959835821955764
BC23901,2,100.0,0.5,0.0,0.00865257541124596,0.013132615271487966
BC23903,3,100.0,0.5,0.0,0.04280203604412451,0.05491563544450877
BC23944,3,100.0,0.5,0.0,0.028868683767552063,0.033434408996187714
BC24044,3,100.0,0.5,0.0,0.03953444942676224,0.04908273057728284
BC24105,3,100.0,0.5,0.0,-0.016817104524241937,-0.021539509740783586
BC24220,3,100.0,0.5,0.0,0.025493478640435305,0.03362805593042938
