patient,n_genes,median_r_m3,mean_r_m3,n_iter,seconds
BC23287,750,0.004744550963494288,-0.009597165679882908,138,27.5
BC23450,750,0.017668998046510426,0.021963134612842074,150,30.0
BC23567,750,0.019554501767103334,0.02650435456958017,150,27.6
BC23810,750,0.03201438732990356,0.03971135964652633,119,21.1
BC23901,500,-0.011502246858892454,-0.012001096139286663,150,28.8
BC23903,750,0.0521825960680526,0.056070772883853884,93,15.1
BC23944,750,0.005874549478167349,0.01294475472211976,150,27.3
BC24044,750,0.061244506800393964,0.06525950472314351,150,23.9
BC24105,750,-0.017168446789757215,-0.01569335738634993,150,26.0
BC24220,750,0.025669799225091557,0.03325520527285716,150,26.5
