patient,n,tumor_frac,auc_lr,auc_gb,brier_lr
BC23209,943,0.9501590668080594,0.9417980623100304,0.931634688449848,0.05208231484713013
BC23268,1425,0.18175438596491228,0.795343616098333,0.8134400021192474,0.1342665660876649
BC23269,1302,0.8448540706605223,0.9720477047704771,0.9632313231323132,0.1313862375775133
BC23270,851,0.9988249118683902,0.23529411764705882,0.4435294117647059,0.052203107550177305
BC23272,1691,0.6706091070372561,0.8754935580189919,0.8770276645800285,0.2846765903631235
BC23277,1585,0.7362776025236593,0.977884650865303,0.9508616130182901,0.06946003483256527
BC23287,947,0.27560718057022177,0.8267875294617025,0.874590887258023,0.1420929159720997
BC23288,1422,0.9071729957805907,0.8075463941743012,0.7669368099600657,0.1354089078489772
BC23377,1885,0.7564986737400531,0.9386158702221733,0.9486535458814974,0.13155538158509594
BC23450,935,0.9080213903743316,0.9492563070096146,0.9157832744405182,0.10981660120150727
BC23506,1473,0.9402579769178547,0.9643665900886117,0.9729488021004267,0.06934845216966161
BC23508,1455,0.593127147766323,0.9099738498637687,0.891764664432683,0.15772816508200613
BC23567,1729,0.4852515905147484,0.6894041863641842,0.7566993879819475,0.4278000358975686
BC23803,1163,0.944110060189166,0.9606697491943393,0.8612442202606138,0.19080108661875672
BC23810,2099,0.8808956646021915,0.6967117360735533,0.7726987560843699,0.11599287859405594
BC23895,1470,0.954421768707483,0.9582770396059617,0.9416814714737077,0.0386589589248349
BC23901,589,0.4855687606112054,0.7544139029287544,0.5933901082415934,0.20314574806983077
BC23903,1373,0.19883466860888566,0.8915284715284715,0.8775591075591076,0.10564327930011692
BC23944,1240,0.8362903225806452,0.9675408885996456,0.9656787531292902,0.19523548649381398
BC24044,1728,0.12268518518518519,0.9176955244685617,0.9321638373077115,0.11288156515201793
BC24105,960,0.9989583333333333,0.6934306569343066,0.5307612095933264,0.04317646993735407
BC24220,1297,0.9082498072474943,0.8795993779515202,0.8772167610677548,0.3271013533591191
BC24223,1093,0.09057639524245197,0.6555392963843668,0.6670020120724346,0.1582103206842669
